date,avgTemp,city,state,population,weather_id,country,retail_and_recreation,grocery_and_pharnacy,transit_stations,workplaces,residential,count
02-03-2020,26.6,mumbai,Maharashtra,12442373,IN012070800,India,-2.0,1.0,0.0,4.0,1.0,0.0
03-03-2020,26.7,mumbai,Maharashtra,12442373,IN012070800,India,-1.0,1.0,-1.0,3.0,1.0,0.0
04-03-2020,25.9,mumbai,Maharashtra,12442373,IN012070800,India,0.0,3.0,2.0,6.0,0.0,0.0
05-03-2020,26.4,mumbai,Maharashtra,12442373,IN012070800,India,-1.0,3.0,0.0,4.0,1.0,0.0
06-03-2020,26.7,mumbai,Maharashtra,12442373,IN012070800,India,0.0,4.0,1.0,5.0,1.0,0.0
07-03-2020,25.8,mumbai,Maharashtra,12442373,IN012070800,India,-2.0,5.0,3.0,4.0,1.0,0.0
08-03-2020,25.7,mumbai,Maharashtra,12442373,IN012070800,India,1.0,4.0,-2.0,6.0,1.0,0.0
09-03-2020,25.9,mumbai,Maharashtra,12442373,IN012070800,India,-1.0,6.0,-4.0,-4.0,2.0,0.0
10-03-2020,26.5,mumbai,Maharashtra,12442373,IN012070800,India,-17.0,-21.0,-32.0,-60.0,18.0,0.0
11-03-2020,25.9,mumbai,Maharashtra,12442373,IN012070800,India,-5.0,0.0,0.0,0.0,0.0,0.0
12-03-2020,25.2,mumbai,Maharashtra,12442373,IN012070800,India,-6.0,1.0,-3.0,-1.0,1.0,2.0
13-03-2020,25.1,mumbai,Maharashtra,12442373,IN012070800,India,-9.0,1.0,-7.0,-2.0,3.0,2.0
14-03-2020,25.8,mumbai,Maharashtra,12442373,IN012070800,India,-14.0,3.0,-9.0,-5.0,5.0,0.0
15-03-2020,29.3,mumbai,Maharashtra,12442373,IN012070800,India,-17.0,-1.0,-11.0,1.0,4.0,1.0
16-03-2020,30.5,mumbai,Maharashtra,12442373,IN012070800,India,-12.0,1.0,-10.0,-8.0,5.0,0.0
17-03-2020,30.1,mumbai,Maharashtra,12442373,IN012070800,India,-18.0,0.0,-15.0,-14.0,7.0,1.0
18-03-2020,29.7,mumbai,Maharashtra,12442373,IN012070800,India,-22.0,-5.0,-19.0,-18.0,8.0,1.0
19-03-2020,28.4,mumbai,Maharashtra,12442373,IN012070800,India,-28.0,-8.0,-26.0,-24.0,10.0,1.0
20-03-2020,27.2,mumbai,Maharashtra,12442373,IN012070800,India,-41.0,-12.0,-33.0,-31.0,14.0,1.0
21-03-2020,26.9,mumbai,Maharashtra,12442373,IN012070800,India,-60.0,-26.0,-45.0,-43.0,17.0,2.0
22-03-2020,28.3,mumbai,Maharashtra,12442373,IN012070800,India,-86.0,-84.0,-78.0,-62.0,26.0,7.0
23-03-2020,29.8,mumbai,Maharashtra,12442373,IN012070800,India,-69.0,-39.0,-69.0,-69.0,29.0,5.0
24-03-2020,30.1,mumbai,Maharashtra,12442373,IN012070800,India,-76.0,-50.0,-76.0,-77.0,34.0,11.0
25-03-2020,29.5,mumbai,Maharashtra,12442373,IN012070800,India,-82.0,-67.0,-81.0,-81.0,37.0,5.0
26-03-2020,29.6,mumbai,Maharashtra,12442373,IN012070800,India,-80.0,-63.0,-79.0,-78.0,36.0,7.0
27-03-2020,29.4,mumbai,Maharashtra,12442373,IN012070800,India,-80.0,-62.0,-79.0,-77.0,36.0,1.0
28-03-2020,30.1,mumbai,Maharashtra,12442373,IN012070800,India,-82.0,-66.0,-79.0,-74.0,34.0,2.0
29-03-2020,30.4,mumbai,Maharashtra,12442373,IN012070800,India,-82.0,-68.0,-77.0,-57.0,25.0,21.0
30-03-2020,29.3,mumbai,Maharashtra,12442373,IN012070800,India,-79.0,-63.0,-79.0,-76.0,35.0,5.0
31-03-2020,28.8,mumbai,Maharashtra,12442373,IN012070800,India,-80.0,-64.0,-80.0,-76.0,35.0,7.0
01-04-2020,29.2,mumbai,Maharashtra,12442373,IN012070800,India,-80.0,-65.0,-80.0,-77.0,35.0,59.0
02-04-2020,30.1,mumbai,Maharashtra,12442373,IN012070800,India,-81.0,-66.0,-81.0,-79.0,37.0,29.0
03-04-2020,30.1,mumbai,Maharashtra,12442373,IN012070800,India,-80.0,-64.0,-80.0,-76.0,36.0,54.0
04-04-2020,29.6,mumbai,Maharashtra,12442373,IN012070800,India,-82.0,-66.0,-79.0,-71.0,34.0,43.0
05-04-2020,29.3,mumbai,Maharashtra,12442373,IN012070800,India,-82.0,-68.0,-78.0,-55.0,25.0,99.0
06-04-2020,28.9,mumbai,Maharashtra,12442373,IN012070800,India,-80.0,-64.0,-80.0,-78.0,36.0,81.0
07-04-2020,28.3,mumbai,Maharashtra,12442373,IN012070800,India,-82.0,-54.0,-76.0,-76.0,35.0,67.0
08-04-2020,28.2,mumbai,Maharashtra,12442373,IN012070800,India,-83.0,-57.0,-76.0,-76.0,35.0,124.0
09-04-2020,28.7,mumbai,Maharashtra,12442373,IN012070800,India,-83.0,-55.0,-77.0,-77.0,37.0,72.0
10-04-2020,29.6,mumbai,Maharashtra,12442373,IN012070800,India,-83.0,-56.0,-78.0,-79.0,39.0,162.0
11-04-2020,30.6,mumbai,Maharashtra,12442373,IN012070800,India,-85.0,-60.0,-77.0,-73.0,36.0,132.0
12-04-2020,30.1,mumbai,Maharashtra,12442373,IN012070800,India,-85.0,-63.0,-75.0,-56.0,25.0,138.0
13-04-2020,30.0,mumbai,Maharashtra,12442373,IN012070800,India,-82.0,-57.0,-77.0,-75.0,37.0,152.0
14-04-2020,31.1,mumbai,Maharashtra,12442373,IN012070800,India,-83.0,-59.0,-78.0,-78.0,37.0,242.0
15-04-2020,30.7,mumbai,Maharashtra,12442373,IN012070800,India,-82.0,-53.0,-75.0,-74.0,35.0,216.0
16-04-2020,30.3,mumbai,Maharashtra,12442373,IN012070800,India,-87.0,-49.0,-75.0,-75.0,36.0,140.0
17-04-2020,30.2,mumbai,Maharashtra,12442373,IN012070800,India,-87.0,-49.0,-75.0,-74.0,37.0,177.0
18-04-2020,30.7,mumbai,Maharashtra,12442373,IN012070800,India,-89.0,-56.0,-75.0,-69.0,34.0,11.0
19-04-2020,31.6,mumbai,Maharashtra,12442373,IN012070800,India,-89.0,-58.0,-73.0,-53.0,25.0,183.0
21-04-2020,30.6,mumbai,Maharashtra,12442373,IN012070800,India,-87.0,-52.0,-75.0,-74.0,36.0,308.0
22-04-2020,30.6,mumbai,Maharashtra,12442373,IN012070800,India,-87.0,-53.0,-75.0,-74.0,36.0,419.0
23-04-2020,30.6,mumbai,Maharashtra,12442373,IN012070800,India,-88.0,-54.0,-76.0,-74.0,37.0,232.0
24-04-2020,30.8,mumbai,Maharashtra,12442373,IN012070800,India,-87.0,-51.0,-76.0,-74.0,37.0,522.0
25-04-2020,30.4,mumbai,Maharashtra,12442373,IN012070800,India,-89.0,-54.0,-75.0,-70.0,35.0,242.0
26-04-2020,30.1,mumbai,Maharashtra,12442373,IN012070800,India,-89.0,-59.0,-74.0,-53.0,26.0,602.0
28-04-2020,30.9,mumbai,Maharashtra,12442373,IN012070800,India,-87.0,-52.0,-75.0,-74.0,36.0,454.0
29-04-2020,31.1,mumbai,Maharashtra,12442373,IN012070800,India,-87.0,-52.0,-74.0,-73.0,36.0,505.0
30-04-2020,30.8,mumbai,Maharashtra,12442373,IN012070800,India,-87.0,-52.0,-75.0,-73.0,36.0,639.0
01-05-2020,30.7,mumbai,Maharashtra,12442373,IN012070800,India,-87.0,-53.0,-76.0,-77.0,38.0,593.0
02-05-2020,30.6,mumbai,Maharashtra,12442373,IN012070800,India,-88.0,-54.0,-74.0,-67.0,34.0,799.0
03-05-2020,30.8,mumbai,Maharashtra,12442373,IN012070800,India,-88.0,-57.0,-72.0,-50.0,25.0,642.0
04-05-2020,30.6,mumbai,Maharashtra,12442373,IN012070800,India,-84.0,-44.0,-71.0,-70.0,34.0,489.0
05-05-2020,30.9,mumbai,Maharashtra,12442373,IN012070800,India,-84.0,-44.0,-70.0,-70.0,34.0,693.0
06-05-2020,31.2,mumbai,Maharashtra,12442373,IN012070800,India,-83.0,-41.0,-68.0,-68.0,33.0,871.0
07-05-2020,30.6,mumbai,Maharashtra,12442373,IN012070800,India,-83.0,-43.0,-70.0,-71.0,34.0,883.0
08-05-2020,30.6,mumbai,Maharashtra,12442373,IN012070800,India,-82.0,-37.0,-68.0,-67.0,34.0,804.0
09-05-2020,30.7,mumbai,Maharashtra,12442373,IN012070800,India,-85.0,-44.0,-68.0,-64.0,32.0,847.0
09-05-2020,30.7,mumbai,Maharashtra,12442373,IN012070800,India,-85.0,-44.0,-68.0,-64.0,32.0,0.0
10-05-2020,30.9,mumbai,Maharashtra,12442373,IN012070800,India,-85.0,-50.0,-67.0,-44.0,23.0,0.0
11-05-2020,31.2,mumbai,Maharashtra,12442373,IN012070800,India,-82.0,-41.0,-68.0,-67.0,33.0,1323.0
12-05-2020,30.7,mumbai,Maharashtra,12442373,IN012070800,India,-82.0,-40.0,-68.0,-67.0,33.0,872.0
13-05-2020,30.8,mumbai,Maharashtra,12442373,IN012070800,India,-82.0,-40.0,-66.0,-66.0,32.0,601.0
02-03-2020,21.2,delhi,Delhi,11007835,IN022021900,India,-3.0,-1.0,-5.0,0.0,2.0,0.0
03-03-2020,21.1,delhi,Delhi,11007835,IN022021900,India,-2.0,1.0,-2.0,4.0,0.0,0.0
04-03-2020,20.9,delhi,Delhi,11007835,IN022021900,India,-5.0,0.0,-3.0,3.0,1.0,0.0
05-03-2020,19.9,delhi,Delhi,11007835,IN022021900,India,-8.0,-5.0,-4.0,3.0,1.0,0.0
06-03-2020,16.3,delhi,Delhi,11007835,IN022021900,India,-15.0,-14.0,-5.0,0.0,3.0,0.0
07-03-2020,17.3,delhi,Delhi,11007835,IN022021900,India,-6.0,0.0,1.0,6.0,1.0,0.0
08-03-2020,18.0,delhi,Delhi,11007835,IN022021900,India,-6.0,2.0,-7.0,7.0,1.0,0.0
09-03-2020,18.3,delhi,Delhi,11007835,IN022021900,India,-2.0,4.0,-20.0,-18.0,5.0,0.0
10-03-2020,19.6,delhi,Delhi,11007835,IN022021900,India,-51.0,-56.0,-60.0,-79.0,24.0,0.0
11-03-2020,21.6,delhi,Delhi,11007835,IN022021900,India,-15.0,-9.0,-15.0,-11.0,2.0,0.0
12-03-2020,21.7,delhi,Delhi,11007835,IN022021900,India,-10.0,-7.0,-10.0,-2.0,1.0,0.0
13-03-2020,21.3,delhi,Delhi,11007835,IN022021900,India,-11.0,-5.0,-12.0,-2.0,2.0,1.0
14-03-2020,18.5,delhi,Delhi,11007835,IN022021900,India,-20.0,-15.0,-17.0,-7.0,4.0,1.0
15-03-2020,18.8,delhi,Delhi,11007835,IN022021900,India,-15.0,-6.0,-15.0,1.0,3.0,0.0
16-03-2020,19.9,delhi,Delhi,11007835,IN022021900,India,-10.0,-4.0,-13.0,-5.0,2.0,0.0
17-03-2020,20.5,delhi,Delhi,11007835,IN022021900,India,-12.0,-2.0,-17.0,-8.0,3.0,0.0
18-03-2020,22.3,delhi,Delhi,11007835,IN022021900,India,-15.0,-1.0,-20.0,-10.0,4.0,3.0
19-03-2020,23.2,delhi,Delhi,11007835,IN022021900,India,-17.0,0.0,-24.0,-12.0,5.0,1.0
20-03-2020,24.7,delhi,Delhi,11007835,IN022021900,India,-27.0,-9.0,-31.0,-19.0,8.0,3.0
21-03-2020,23.6,delhi,Delhi,11007835,IN022021900,India,-44.0,-24.0,-40.0,-27.0,10.0,6.0
22-03-2020,24.0,delhi,Delhi,11007835,IN022021900,India,-87.0,-83.0,-81.0,-68.0,21.0,7.0
23-03-2020,24.5,delhi,Delhi,11007835,IN022021900,India,-71.0,-52.0,-74.0,-73.0,28.0,1.0
24-03-2020,23.5,delhi,Delhi,11007835,IN022021900,India,-80.0,-66.0,-82.0,-82.0,32.0,2.0
25-03-2020,25.6,delhi,Delhi,11007835,IN022021900,India,-86.0,-76.0,-87.0,-85.0,34.0,0.0
26-03-2020,24.1,delhi,Delhi,11007835,IN022021900,India,-86.0,-76.0,-87.0,-84.0,35.0,5.0
27-03-2020,21.7,delhi,Delhi,11007835,IN022021900,India,-86.0,-77.0,-87.0,-84.0,36.0,4.0
28-03-2020,21.8,delhi,Delhi,11007835,IN022021900,India,-86.0,-77.0,-85.0,-80.0,31.0,1.0
29-03-2020,24.1,delhi,Delhi,11007835,IN022021900,India,-86.0,-77.0,-84.0,-69.0,23.0,9.0
30-03-2020,23.0,delhi,Delhi,11007835,IN022021900,India,-83.0,-73.0,-86.0,-82.0,34.0,23.0
31-03-2020,24.5,delhi,Delhi,11007835,IN022021900,India,-84.0,-74.0,-86.0,-83.0,34.0,25.0
01-04-2020,25.6,delhi,Delhi,11007835,IN022021900,India,-85.0,-76.0,-87.0,-83.0,34.0,23.0
02-04-2020,24.8,delhi,Delhi,11007835,IN022021900,India,-85.0,-76.0,-88.0,-84.0,36.0,32.0
03-04-2020,23.2,delhi,Delhi,11007835,IN022021900,India,-84.0,-73.0,-87.0,-82.0,35.0,141.0
04-04-2020,24.0,delhi,Delhi,11007835,IN022021900,India,-85.0,-75.0,-86.0,-78.0,31.0,93.0
05-04-2020,25.6,delhi,Delhi,11007835,IN022021900,India,-86.0,-77.0,-86.0,-67.0,23.0,59.0
06-04-2020,28.9,delhi,Delhi,11007835,IN022021900,India,-84.0,-73.0,-87.0,-84.0,35.0,58.0
07-04-2020,26.7,delhi,Delhi,11007835,IN022021900,India,-85.0,-68.0,-84.0,-82.0,33.0,22.0
08-04-2020,25.8,delhi,Delhi,11007835,IN022021900,India,-86.0,-67.0,-84.0,-82.0,34.0,51.0
09-04-2020,24.6,delhi,Delhi,11007835,IN022021900,India,-86.0,-67.0,-85.0,-83.0,35.0,93.0
10-04-2020,27.3,delhi,Delhi,11007835,IN022021900,India,-87.0,-69.0,-86.0,-85.0,37.0,51.0
11-04-2020,29.4,delhi,Delhi,11007835,IN022021900,India,-88.0,-72.0,-85.0,-80.0,32.0,183.0
12-04-2020,28.7,delhi,Delhi,11007835,IN022021900,India,-89.0,-74.0,-84.0,-69.0,24.0,166.0
13-04-2020,30.7,delhi,Delhi,11007835,IN022021900,India,-86.0,-69.0,-85.0,-82.0,35.0,85.0
14-04-2020,31.1,delhi,Delhi,11007835,IN022021900,India,-87.0,-71.0,-85.0,-84.0,34.0,356.0
15-04-2020,31.2,delhi,Delhi,11007835,IN022021900,India,-87.0,-68.0,-84.0,-81.0,34.0,51.0
16-04-2020,30.1,delhi,Delhi,11007835,IN022021900,India,-89.0,-66.0,-83.0,-82.0,35.0,17.0
17-04-2020,31.2,delhi,Delhi,11007835,IN022021900,India,-90.0,-66.0,-83.0,-81.0,36.0,62.0
18-04-2020,28.2,delhi,Delhi,11007835,IN022021900,India,-91.0,-71.0,-83.0,-78.0,32.0,67.0
19-04-2020,27.3,delhi,Delhi,11007835,IN022021900,India,-91.0,-71.0,-82.0,-69.0,24.0,186.0
20-04-2020,26.4,delhi,Delhi,11007835,IN022021900,India,-90.0,-66.0,-83.0,-81.0,35.0,0.0
21-04-2020,27.2,delhi,Delhi,11007835,IN022021900,India,-90.0,-68.0,-84.0,-82.0,35.0,78.0
22-04-2020,28.2,delhi,Delhi,11007835,IN022021900,India,-90.0,-67.0,-84.0,-82.0,35.0,75.0
23-04-2020,28.3,delhi,Delhi,11007835,IN022021900,India,-90.0,-67.0,-84.0,-82.0,36.0,92.0
24-04-2020,29.7,delhi,Delhi,11007835,IN022021900,India,-90.0,-66.0,-84.0,-81.0,37.0,128.0
25-04-2020,30.3,delhi,Delhi,11007835,IN022021900,India,-91.0,-69.0,-83.0,-79.0,33.0,138.0
26-04-2020,24.4,delhi,Delhi,11007835,IN022021900,India,-91.0,-70.0,-82.0,-68.0,25.0,111.0
27-04-2020,27.1,delhi,Delhi,11007835,IN022021900,India,-89.0,-65.0,-83.0,-80.0,35.0,0.0
28-04-2020,28.9,delhi,Delhi,11007835,IN022021900,India,-90.0,-66.0,-83.0,-81.0,34.0,190.0
29-04-2020,30.1,delhi,Delhi,11007835,IN022021900,India,-89.0,-65.0,-82.0,-81.0,35.0,407.0
30-04-2020,31.1,delhi,Delhi,11007835,IN022021900,India,-89.0,-66.0,-82.0,-81.0,35.0,141.0
30-04-2020,31.1,delhi,Delhi,11007835,IN022021900,India,-89.0,-66.0,-82.0,-81.0,35.0,0.0
01-05-2020,31.8,delhi,Delhi,11007835,IN022021900,India,-89.0,-64.0,-82.0,-81.0,36.0,81.0
02-05-2020,31.2,delhi,Delhi,11007835,IN022021900,India,-89.0,-66.0,-81.0,-77.0,32.0,298.0
03-05-2020,27.2,delhi,Delhi,11007835,IN022021900,India,-90.0,-68.0,-80.0,-67.0,24.0,476.0
04-05-2020,28.4,delhi,Delhi,11007835,IN022021900,India,-84.0,-54.0,-77.0,-75.0,32.0,533.0
05-05-2020,30.7,delhi,Delhi,11007835,IN022021900,India,-85.0,-55.0,-77.0,-75.0,32.0,418.0
06-05-2020,29.3,delhi,Delhi,11007835,IN022021900,India,-84.0,-52.0,-76.0,-73.0,32.0,243.0
07-05-2020,29.4,delhi,Delhi,11007835,IN022021900,India,-85.0,-57.0,-78.0,-77.0,33.0,503.0
08-05-2020,32.2,delhi,Delhi,11007835,IN022021900,India,-83.0,-52.0,-76.0,-72.0,32.0,838.0
09-05-2020,33.5,delhi,Delhi,11007835,IN022021900,India,-85.0,-57.0,-75.0,-70.0,29.0,429.0
09-05-2020,33.5,delhi,Delhi,11007835,IN022021900,India,-85.0,-57.0,-75.0,-70.0,29.0,0.0
10-05-2020,27.7,delhi,Delhi,11007835,IN022021900,India,-85.0,-58.0,-74.0,-59.0,22.0,0.0
11-05-2020,29.3,delhi,Delhi,11007835,IN022021900,India,-82.0,-51.0,-75.0,-70.0,31.0,435.0
12-05-2020,31.2,delhi,Delhi,11007835,IN022021900,India,-83.0,-53.0,-75.0,-71.0,31.0,370.0
13-05-2020,30.2,delhi,Delhi,11007835,IN022021900,India,-82.0,-50.0,-73.0,-70.0,30.0,802.0
02-03-2020,24.5,bangalore,Karnataka,8436675,IN009010100,India,1.0,4.0,0.0,7.0,1.0,0.0
03-03-2020,25.8,bangalore,Karnataka,8436675,IN009010100,India,0.0,5.0,0.0,5.0,1.0,0.0
04-03-2020,26.4,bangalore,Karnataka,8436675,IN009010100,India,2.0,9.0,3.0,4.0,1.0,0.0
05-03-2020,27.4,bangalore,Karnataka,8436675,IN009010100,India,0.0,5.0,0.0,5.0,1.0,0.0
06-03-2020,26.6,bangalore,Karnataka,8436675,IN009010100,India,1.0,5.0,1.0,5.0,1.0,0.0
07-03-2020,26.1,bangalore,Karnataka,8436675,IN009010100,India,1.0,5.0,3.0,8.0,1.0,0.0
08-03-2020,26.4,bangalore,Karnataka,8436675,IN009010100,India,0.0,6.0,0.0,4.0,1.0,0.0
09-03-2020,26.4,bangalore,Karnataka,8436675,IN009010100,India,-1.0,5.0,-2.0,0.0,2.0,0.0
10-03-2020,27.0,bangalore,Karnataka,8436675,IN009010100,India,-5.0,2.0,-7.0,-11.0,5.0,1.0
11-03-2020,26.9,bangalore,Karnataka,8436675,IN009010100,India,-3.0,3.0,-1.0,0.0,1.0,3.0
12-03-2020,26.3,bangalore,Karnataka,8436675,IN009010100,India,-4.0,0.0,-5.0,1.0,2.0,0.0
13-03-2020,26.4,bangalore,Karnataka,8436675,IN009010100,India,-5.0,6.0,-5.0,-1.0,3.0,1.0
14-03-2020,26.9,bangalore,Karnataka,8436675,IN009010100,India,-16.0,0.0,-8.0,-10.0,5.0,0.0
15-03-2020,26.6,bangalore,Karnataka,8436675,IN009010100,India,-20.0,-6.0,-10.0,-2.0,4.0,0.0
16-03-2020,26.6,bangalore,Karnataka,8436675,IN009010100,India,-13.0,-1.0,-12.0,-14.0,7.0,0.0
17-03-2020,26.3,bangalore,Karnataka,8436675,IN009010100,India,-17.0,-3.0,-15.0,-20.0,8.0,0.0
18-03-2020,27.2,bangalore,Karnataka,8436675,IN009010100,India,-18.0,-1.0,-15.0,-22.0,8.0,2.0
19-03-2020,27.6,bangalore,Karnataka,8436675,IN009010100,India,-20.0,-1.0,-19.0,-24.0,10.0,3.0
20-03-2020,25.4,bangalore,Karnataka,8436675,IN009010100,India,-26.0,-4.0,-22.0,-26.0,11.0,0.0
21-03-2020,27.4,bangalore,Karnataka,8436675,IN009010100,India,-31.0,8.0,-20.0,-14.0,7.0,0.0
22-03-2020,27.8,bangalore,Karnataka,8436675,IN009010100,India,-81.0,-81.0,-66.0,-49.0,21.0,3.0
23-03-2020,25.3,bangalore,Karnataka,8436675,IN009010100,India,-45.0,3.0,-37.0,-47.0,17.0,3.0
24-03-2020,27.4,bangalore,Karnataka,8436675,IN009010100,India,-73.0,-43.0,-61.0,-73.0,28.0,5.0
25-03-2020,26.8,bangalore,Karnataka,8436675,IN009010100,India,-81.0,-65.0,-71.0,-81.0,35.0,1.0
26-03-2020,26.9,bangalore,Karnataka,8436675,IN009010100,India,-80.0,-61.0,-71.0,-77.0,34.0,8.0
27-03-2020,26.4,bangalore,Karnataka,8436675,IN009010100,India,-81.0,-61.0,-71.0,-77.0,35.0,1.0
28-03-2020,26.9,bangalore,Karnataka,8436675,IN009010100,India,-83.0,-64.0,-72.0,-71.0,30.0,4.0
29-03-2020,27.8,bangalore,Karnataka,8436675,IN009010100,India,-82.0,-64.0,-70.0,-49.0,22.0,2.0
30-03-2020,27.8,bangalore,Karnataka,8436675,IN009010100,India,-80.0,-62.0,-72.0,-75.0,35.0,0.0
31-03-2020,27.8,bangalore,Karnataka,8436675,IN009010100,India,-79.0,-58.0,-70.0,-75.0,33.0,0.0
01-04-2020,28.8,bangalore,Karnataka,8436675,IN009010100,India,-80.0,-60.0,-70.0,-76.0,33.0,4.0
02-04-2020,28.8,bangalore,Karnataka,8436675,IN009010100,India,-80.0,-61.0,-71.0,-75.0,34.0,3.0
03-04-2020,28.5,bangalore,Karnataka,8436675,IN009010100,India,-80.0,-59.0,-71.0,-74.0,34.0,0.0
04-04-2020,28.4,bangalore,Karnataka,8436675,IN009010100,India,-81.0,-61.0,-70.0,-64.0,28.0,0.0
05-04-2020,28.8,bangalore,Karnataka,8436675,IN009010100,India,-81.0,-63.0,-68.0,-44.0,21.0,4.0
06-04-2020,27.7,bangalore,Karnataka,8436675,IN009010100,India,-80.0,-61.0,-71.0,-75.0,34.0,0.0
07-04-2020,25.0,bangalore,Karnataka,8436675,IN009010100,India,-81.0,-49.0,-62.0,-74.0,31.0,1.0
08-04-2020,26.8,bangalore,Karnataka,8436675,IN009010100,India,-81.0,-50.0,-62.0,-74.0,32.0,3.0
09-04-2020,24.9,bangalore,Karnataka,8436675,IN009010100,India,-82.0,-53.0,-64.0,-74.0,34.0,0.0
10-04-2020,24.7,bangalore,Karnataka,8436675,IN009010100,India,-81.0,-42.0,-63.0,-76.0,34.0,3.0
11-04-2020,26.6,bangalore,Karnataka,8436675,IN009010100,India,-83.0,-52.0,-64.0,-67.0,29.0,2.0
12-04-2020,27.1,bangalore,Karnataka,8436675,IN009010100,India,-83.0,-56.0,-62.0,-44.0,22.0,2.0
13-04-2020,27.6,bangalore,Karnataka,8436675,IN009010100,India,-81.0,-51.0,-64.0,-73.0,35.0,3.0
14-04-2020,27.3,bangalore,Karnataka,8436675,IN009010100,India,-82.0,-53.0,-64.0,-75.0,33.0,1.0
15-04-2020,27.7,bangalore,Karnataka,8436675,IN009010100,India,-81.0,-50.0,-61.0,-72.0,33.0,3.0
16-04-2020,28.0,bangalore,Karnataka,8436675,IN009010100,India,-86.0,-46.0,-61.0,-72.0,34.0,1.0
17-04-2020,28.3,bangalore,Karnataka,8436675,IN009010100,India,-86.0,-45.0,-61.0,-71.0,34.0,4.0
18-04-2020,28.4,bangalore,Karnataka,8436675,IN009010100,India,-88.0,-52.0,-63.0,-62.0,28.0,10.0
19-04-2020,28.2,bangalore,Karnataka,8436675,IN009010100,India,-87.0,-52.0,-60.0,-42.0,21.0,3.0
20-04-2020,28.2,bangalore,Karnataka,8436675,IN009010100,India,-86.0,-49.0,-63.0,-70.0,34.0,0.0
21-04-2020,28.0,bangalore,Karnataka,8436675,IN009010100,India,-86.0,-47.0,-61.0,-71.0,32.0,0.0
22-04-2020,29.6,bangalore,Karnataka,8436675,IN009010100,India,-86.0,-48.0,-61.0,-71.0,33.0,0.0
23-04-2020,29.1,bangalore,Karnataka,8436675,IN009010100,India,-86.0,-48.0,-62.0,-70.0,34.0,2.0
24-04-2020,25.7,bangalore,Karnataka,8436675,IN009010100,India,-85.0,-44.0,-60.0,-69.0,33.0,10.0
25-04-2020,25.8,bangalore,Karnataka,8436675,IN009010100,India,-87.0,-48.0,-61.0,-62.0,29.0,19.0
26-04-2020,26.7,bangalore,Karnataka,8436675,IN009010100,India,-86.0,-49.0,-58.0,-39.0,21.0,13.0
27-04-2020,26.7,bangalore,Karnataka,8436675,IN009010100,India,-85.0,-45.0,-61.0,-68.0,33.0,0.0
28-04-2020,27.2,bangalore,Karnataka,8436675,IN009010100,India,-84.0,-44.0,-59.0,-68.0,31.0,1.0
29-04-2020,23.2,bangalore,Karnataka,8436675,IN009010100,India,-84.0,-43.0,-58.0,-68.0,32.0,6.0
30-04-2020,26.5,bangalore,Karnataka,8436675,IN009010100,India,-83.0,-41.0,-58.0,-67.0,32.0,0.0
30-04-2020,26.5,bangalore,Karnataka,8436675,IN009010100,India,-83.0,-41.0,-58.0,-67.0,32.0,0.0
01-05-2020,28.7,bangalore,Karnataka,8436675,IN009010100,India,-83.0,-37.0,-59.0,-72.0,33.0,13.0
02-05-2020,27.7,bangalore,Karnataka,8436675,IN009010100,India,-84.0,-42.0,-58.0,-54.0,26.0,8.0
03-05-2020,27.5,bangalore,Karnataka,8436675,IN009010100,India,-83.0,-43.0,-54.0,-34.0,19.0,7.0
04-05-2020,28.7,bangalore,Karnataka,8436675,IN009010100,India,-75.0,-25.0,-47.0,-57.0,26.0,5.0
05-05-2020,29.1,bangalore,Karnataka,8436675,IN009010100,India,-75.0,-25.0,-46.0,-57.0,25.0,4.0
06-05-2020,27.2,bangalore,Karnataka,8436675,IN009010100,India,-74.0,-22.0,-44.0,-55.0,25.0,3.0
07-05-2020,26.9,bangalore,Karnataka,8436675,IN009010100,India,-74.0,-21.0,-45.0,-55.0,26.0,2.0
08-05-2020,27.7,bangalore,Karnataka,8436675,IN009010100,India,-74.0,-18.0,-45.0,-53.0,25.0,3.0
09-05-2020,29.1,bangalore,Karnataka,8436675,IN009010100,India,-75.0,-22.0,-45.0,-43.0,21.0,14.0
09-05-2020,29.1,bangalore,Karnataka,8436675,IN009010100,India,-75.0,-22.0,-45.0,-43.0,21.0,0.0
10-05-2020,29.0,bangalore,Karnataka,8436675,IN009010100,India,-76.0,-27.0,-43.0,-24.0,16.0,0.0
11-05-2020,28.3,bangalore,Karnataka,8436675,IN009010100,India,-72.0,-17.0,-44.0,-51.0,25.0,0.0
12-05-2020,27.6,bangalore,Karnataka,8436675,IN009010100,India,-72.0,-17.0,-43.0,-52.0,24.0,0.0
13-05-2020,27.9,bangalore,Karnataka,8436675,IN009010100,India,-72.0,-17.0,-42.0,-51.0,23.0,0.0
02-03-2020,28.2,hyderabad,Telangana,6809970,IN001080500,India,1.0,4.0,4.0,5.0,1.0,0.0
03-03-2020,28.8,hyderabad,Telangana,6809970,IN001080500,India,1.0,5.0,3.0,5.0,1.0,1.0
04-03-2020,29.1,hyderabad,Telangana,6809970,IN001080500,India,1.0,12.0,5.0,7.0,1.0,0.0
05-03-2020,27.9,hyderabad,Telangana,6809970,IN001080500,India,-2.0,7.0,1.0,2.0,2.0,0.0
06-03-2020,28.0,hyderabad,Telangana,6809970,IN001080500,India,-1.0,8.0,6.0,4.0,2.0,0.0
07-03-2020,27.8,hyderabad,Telangana,6809970,IN001080500,India,0.0,5.0,3.0,6.0,2.0,0.0
08-03-2020,27.6,hyderabad,Telangana,6809970,IN001080500,India,-2.0,6.0,-1.0,5.0,1.0,0.0
09-03-2020,27.1,hyderabad,Telangana,6809970,IN001080500,India,-9.0,-1.0,-15.0,-26.0,9.0,0.0
10-03-2020,28.4,hyderabad,Telangana,6809970,IN001080500,India,-1.0,3.0,-1.0,-13.0,4.0,0.0
11-03-2020,27.7,hyderabad,Telangana,6809970,IN001080500,India,0.0,4.0,5.0,2.0,0.0,0.0
12-03-2020,27.9,hyderabad,Telangana,6809970,IN001080500,India,-1.0,2.0,1.0,0.0,1.0,0.0
13-03-2020,29.3,hyderabad,Telangana,6809970,IN001080500,India,-2.0,3.0,4.0,0.0,1.0,0.0
14-03-2020,27.4,hyderabad,Telangana,6809970,IN001080500,India,-4.0,5.0,-2.0,-5.0,3.0,0.0
15-03-2020,28.0,hyderabad,Telangana,6809970,IN001080500,India,-10.0,5.0,1.0,-1.0,1.0,1.0
16-03-2020,28.3,hyderabad,Telangana,6809970,IN001080500,India,-8.0,4.0,-2.0,-8.0,4.0,1.0
17-03-2020,30.6,hyderabad,Telangana,6809970,IN001080500,India,-10.0,3.0,-6.0,-12.0,4.0,1.0
18-03-2020,31.0,hyderabad,Telangana,6809970,IN001080500,India,-10.0,5.0,-4.0,-12.0,4.0,1.0
19-03-2020,27.5,hyderabad,Telangana,6809970,IN001080500,India,-18.0,1.0,-12.0,-19.0,6.0,8.0
20-03-2020,29.6,hyderabad,Telangana,6809970,IN001080500,India,-20.0,8.0,-12.0,-21.0,8.0,3.0
21-03-2020,29.7,hyderabad,Telangana,6809970,IN001080500,India,-25.0,19.0,-15.0,-17.0,7.0,1.0
22-03-2020,29.7,hyderabad,Telangana,6809970,IN001080500,India,-84.0,-83.0,-74.0,-55.0,24.0,2.0
23-03-2020,29.6,hyderabad,Telangana,6809970,IN001080500,India,-68.0,-23.0,-58.0,-60.0,26.0,5.0
24-03-2020,29.9,hyderabad,Telangana,6809970,IN001080500,India,-79.0,-45.0,-70.0,-72.0,32.0,5.0
25-03-2020,30.3,hyderabad,Telangana,6809970,IN001080500,India,-82.0,-57.0,-75.0,-79.0,35.0,2.0
26-03-2020,29.8,hyderabad,Telangana,6809970,IN001080500,India,-82.0,-59.0,-76.0,-75.0,35.0,2.0
27-03-2020,32.6,hyderabad,Telangana,6809970,IN001080500,India,-83.0,-59.0,-76.0,-74.0,37.0,3.0
28-03-2020,32.4,hyderabad,Telangana,6809970,IN001080500,India,-84.0,-61.0,-76.0,-70.0,34.0,14.0
29-03-2020,33.4,hyderabad,Telangana,6809970,IN001080500,India,-82.0,-59.0,-73.0,-51.0,24.0,8.0
30-03-2020,31.4,hyderabad,Telangana,6809970,IN001080500,India,-82.0,-61.0,-76.0,-72.0,36.0,3.0
31-03-2020,31.7,hyderabad,Telangana,6809970,IN001080500,India,-81.0,-60.0,-75.0,-72.0,33.0,7.0
01-04-2020,31.7,hyderabad,Telangana,6809970,IN001080500,India,-81.0,-61.0,-75.0,-72.0,33.0,20.0
02-04-2020,32.9,hyderabad,Telangana,6809970,IN001080500,India,-82.0,-63.0,-76.0,-75.0,35.0,30.0
03-04-2020,30.8,hyderabad,Telangana,6809970,IN001080500,India,-82.0,-60.0,-74.0,-71.0,35.0,27.0
04-04-2020,27.8,hyderabad,Telangana,6809970,IN001080500,India,-82.0,-61.0,-74.0,-65.0,31.0,6.0
05-04-2020,30.7,hyderabad,Telangana,6809970,IN001080500,India,-81.0,-59.0,-72.0,-46.0,23.0,0.0
06-04-2020,30.0,hyderabad,Telangana,6809970,IN001080500,India,-81.0,-62.0,-75.0,-71.0,35.0,51.0
07-04-2020,32.1,hyderabad,Telangana,6809970,IN001080500,India,-84.0,-52.0,-70.0,-71.0,33.0,0.0
08-04-2020,31.6,hyderabad,Telangana,6809970,IN001080500,India,-84.0,-52.0,-69.0,-71.0,32.0,17.0
09-04-2020,29.7,hyderabad,Telangana,6809970,IN001080500,India,-84.0,-52.0,-70.0,-71.0,34.0,3.0
10-04-2020,30.1,hyderabad,Telangana,6809970,IN001080500,India,-85.0,-52.0,-70.0,-73.0,36.0,3.0
11-04-2020,30.3,hyderabad,Telangana,6809970,IN001080500,India,-86.0,-56.0,-71.0,-67.0,33.0,0.0
12-04-2020,33.1,hyderabad,Telangana,6809970,IN001080500,India,-84.0,-52.0,-67.0,-47.0,23.0,9.0
13-04-2020,32.9,hyderabad,Telangana,6809970,IN001080500,India,-84.0,-54.0,-71.0,-70.0,35.0,10.0
14-04-2020,32.9,hyderabad,Telangana,6809970,IN001080500,India,-84.0,-54.0,-70.0,-73.0,33.0,45.0
15-04-2020,33.4,hyderabad,Telangana,6809970,IN001080500,India,-84.0,-52.0,-68.0,-69.0,32.0,40.0
16-04-2020,34.0,hyderabad,Telangana,6809970,IN001080500,India,-89.0,-47.0,-68.0,-70.0,34.0,5.0
17-04-2020,33.8,hyderabad,Telangana,6809970,IN001080500,India,-89.0,-48.0,-68.0,-70.0,35.0,33.0
18-04-2020,32.8,hyderabad,Telangana,6809970,IN001080500,India,-90.0,-54.0,-70.0,-63.0,31.0,50.0
19-04-2020,31.2,hyderabad,Telangana,6809970,IN001080500,India,-89.0,-50.0,-67.0,-46.0,23.0,31.0
20-04-2020,32.3,hyderabad,Telangana,6809970,IN001080500,India,-90.0,-53.0,-71.0,-69.0,35.0,0.0
21-04-2020,33.4,hyderabad,Telangana,6809970,IN001080500,India,-90.0,-53.0,-70.0,-70.0,33.0,12.0
22-04-2020,33.7,hyderabad,Telangana,6809970,IN001080500,India,-90.0,-55.0,-71.0,-70.0,34.0,19.0
23-04-2020,34.8,hyderabad,Telangana,6809970,IN001080500,India,-90.0,-53.0,-71.0,-71.0,35.0,10.0
24-04-2020,33.1,hyderabad,Telangana,6809970,IN001080500,India,-90.0,-50.0,-70.0,-70.0,35.0,13.0
25-04-2020,34.2,hyderabad,Telangana,6809970,IN001080500,India,-91.0,-53.0,-71.0,-65.0,33.0,0.0
26-04-2020,32.7,hyderabad,Telangana,6809970,IN001080500,India,-89.0,-49.0,-68.0,-46.0,24.0,6.0
27-04-2020,33.2,hyderabad,Telangana,6809970,IN001080500,India,-90.0,-52.0,-71.0,-69.0,36.0,0.0
28-04-2020,29.9,hyderabad,Telangana,6809970,IN001080500,India,-89.0,-51.0,-69.0,-70.0,32.0,2.0
29-04-2020,32.6,hyderabad,Telangana,6809970,IN001080500,India,-89.0,-49.0,-68.0,-68.0,32.0,6.0
30-04-2020,33.7,hyderabad,Telangana,6809970,IN001080500,India,-89.0,-49.0,-69.0,-68.0,33.0,0.0
30-04-2020,33.7,hyderabad,Telangana,6809970,IN001080500,India,-89.0,-49.0,-69.0,-68.0,33.0,0.0
01-05-2020,30.2,hyderabad,Telangana,6809970,IN001080500,India,-89.0,-48.0,-69.0,-71.0,35.0,3.0
02-05-2020,32.7,hyderabad,Telangana,6809970,IN001080500,India,-89.0,-48.0,-68.0,-60.0,30.0,5.0
03-05-2020,35.9,hyderabad,Telangana,6809970,IN001080500,India,-88.0,-45.0,-65.0,-42.0,21.0,39.0
04-05-2020,34.1,hyderabad,Telangana,6809970,IN001080500,India,-88.0,-46.0,-67.0,-65.0,32.0,20.0
05-05-2020,34.2,hyderabad,Telangana,6809970,IN001080500,India,-87.0,-44.0,-65.0,-65.0,30.0,3.0
06-05-2020,34.0,hyderabad,Telangana,6809970,IN001080500,India,-84.0,-33.0,-57.0,-62.0,28.0,0.0
07-05-2020,31.6,hyderabad,Telangana,6809970,IN001080500,India,-84.0,-34.0,-58.0,-61.0,29.0,21.0
08-05-2020,32.1,hyderabad,Telangana,6809970,IN001080500,India,-83.0,-30.0,-55.0,-59.0,29.0,39.0
09-05-2020,34.4,hyderabad,Telangana,6809970,IN001080500,India,-85.0,-36.0,-58.0,-55.0,26.0,31.0
09-05-2020,34.4,hyderabad,Telangana,6809970,IN001080500,India,-85.0,-36.0,-58.0,-55.0,26.0,0.0
10-05-2020,30.1,hyderabad,Telangana,6809970,IN001080500,India,-84.0,-31.0,-54.0,-35.0,18.0,0.0
11-05-2020,32.1,hyderabad,Telangana,6809970,IN001080500,India,-83.0,-33.0,-57.0,-57.0,28.0,26.0
12-05-2020,32.0,hyderabad,Telangana,6809970,IN001080500,India,-83.0,-32.0,-56.0,-58.0,26.0,121.0
13-05-2020,32.3,hyderabad,Telangana,6809970,IN001080500,India,-83.0,-31.0,-55.0,-56.0,25.0,52.0
02-03-2020,25.7,ahmedabad,Gujarat,5570585,IN005010600,India,-4.0,1.0,-2.0,5.0,1.0,0.0
03-03-2020,26.4,ahmedabad,Gujarat,5570585,IN005010600,India,-3.0,2.0,-2.0,4.0,1.0,0.0
04-03-2020,25.6,ahmedabad,Gujarat,5570585,IN005010600,India,-2.0,3.0,0.0,4.0,1.0,0.0
05-03-2020,23.9,ahmedabad,Gujarat,5570585,IN005010600,India,-4.0,1.0,-2.0,3.0,2.0,0.0
06-03-2020,22.4,ahmedabad,Gujarat,5570585,IN005010600,India,-3.0,3.0,-1.0,5.0,1.0,0.0
07-03-2020,21.8,ahmedabad,Gujarat,5570585,IN005010600,India,-2.0,4.0,3.0,8.0,0.0,0.0
08-03-2020,23.8,ahmedabad,Gujarat,5570585,IN005010600,India,-4.0,3.0,-1.0,12.0,1.0,0.0
09-03-2020,26.2,ahmedabad,Gujarat,5570585,IN005010600,India,0.0,7.0,-3.0,-11.0,3.0,0.0
10-03-2020,24.9,ahmedabad,Gujarat,5570585,IN005010600,India,-11.0,-31.0,-17.0,-70.0,14.0,0.0
11-03-2020,22.8,ahmedabad,Gujarat,5570585,IN005010600,India,-3.0,1.0,3.0,-5.0,0.0,0.0
12-03-2020,22.1,ahmedabad,Gujarat,5570585,IN005010600,India,-4.0,-1.0,-3.0,-2.0,1.0,0.0
13-03-2020,21.8,ahmedabad,Gujarat,5570585,IN005010600,India,-6.0,0.0,-4.0,2.0,1.0,0.0
14-03-2020,22.1,ahmedabad,Gujarat,5570585,IN005010600,India,-7.0,1.0,-7.0,0.0,3.0,0.0
15-03-2020,24.1,ahmedabad,Gujarat,5570585,IN005010600,India,-9.0,-3.0,-7.0,2.0,3.0,0.0
16-03-2020,25.1,ahmedabad,Gujarat,5570585,IN005010600,India,-7.0,3.0,-5.0,-1.0,3.0,0.0
17-03-2020,27.1,ahmedabad,Gujarat,5570585,IN005010600,India,-9.0,0.0,-7.0,-3.0,2.0,0.0
18-03-2020,28.5,ahmedabad,Gujarat,5570585,IN005010600,India,-9.0,-1.0,-8.0,-4.0,2.0,0.0
19-03-2020,30.7,ahmedabad,Gujarat,5570585,IN005010600,India,-11.0,3.0,-11.0,-5.0,3.0,0.0
20-03-2020,27.1,ahmedabad,Gujarat,5570585,IN005010600,India,-18.0,9.0,-15.0,-5.0,4.0,0.0
21-03-2020,28.3,ahmedabad,Gujarat,5570585,IN005010600,India,-32.0,-3.0,-22.0,-10.0,8.0,3.0
22-03-2020,29.5,ahmedabad,Gujarat,5570585,IN005010600,India,-79.0,-78.0,-67.0,-57.0,25.0,2.0
23-03-2020,30.7,ahmedabad,Gujarat,5570585,IN005010600,India,-62.0,-41.0,-53.0,-52.0,24.0,3.0
24-03-2020,31.0,ahmedabad,Gujarat,5570585,IN005010600,India,-74.0,-58.0,-65.0,-71.0,31.0,6.0
25-03-2020,29.4,ahmedabad,Gujarat,5570585,IN005010600,India,-78.0,-64.0,-69.0,-76.0,33.0,0.0
26-03-2020,25.9,ahmedabad,Gujarat,5570585,IN005010600,India,-78.0,-64.0,-69.0,-75.0,34.0,0.0
27-03-2020,24.8,ahmedabad,Gujarat,5570585,IN005010600,India,-78.0,-66.0,-70.0,-74.0,34.0,0.0
28-03-2020,26.8,ahmedabad,Gujarat,5570585,IN005010600,India,-81.0,-70.0,-72.0,-74.0,35.0,0.0
29-03-2020,27.8,ahmedabad,Gujarat,5570585,IN005010600,India,-82.0,-72.0,-72.0,-59.0,28.0,3.0
30-03-2020,30.3,ahmedabad,Gujarat,5570585,IN005010600,India,-79.0,-68.0,-72.0,-74.0,35.0,4.0
31-03-2020,30.2,ahmedabad,Gujarat,5570585,IN005010600,India,-79.0,-67.0,-71.0,-73.0,33.0,1.0
01-04-2020,29.1,ahmedabad,Gujarat,5570585,IN005010600,India,-79.0,-67.0,-70.0,-73.0,33.0,1.0
02-04-2020,29.3,ahmedabad,Gujarat,5570585,IN005010600,India,-79.0,-69.0,-71.0,-75.0,35.0,8.0
03-04-2020,30.4,ahmedabad,Gujarat,5570585,IN005010600,India,-78.0,-66.0,-70.0,-71.0,33.0,0.0
04-04-2020,30.7,ahmedabad,Gujarat,5570585,IN005010600,India,-79.0,-67.0,-71.0,-69.0,33.0,7.0
05-04-2020,31.7,ahmedabad,Gujarat,5570585,IN005010600,India,-81.0,-71.0,-71.0,-55.0,26.0,7.0
06-04-2020,32.3,ahmedabad,Gujarat,5570585,IN005010600,India,-80.0,-68.0,-72.0,-74.0,35.0,8.0
07-04-2020,31.7,ahmedabad,Gujarat,5570585,IN005010600,India,-81.0,-59.0,-64.0,-72.0,33.0,11.0
08-04-2020,31.3,ahmedabad,Gujarat,5570585,IN005010600,India,-82.0,-61.0,-65.0,-73.0,33.0,19.0
09-04-2020,31.6,ahmedabad,Gujarat,5570585,IN005010600,India,-82.0,-60.0,-66.0,-73.0,36.0,0.0
10-04-2020,32.2,ahmedabad,Gujarat,5570585,IN005010600,India,-82.0,-61.0,-67.0,-74.0,36.0,59.0
11-04-2020,33.5,ahmedabad,Gujarat,5570585,IN005010600,India,-83.0,-63.0,-67.0,-73.0,37.0,55.0
12-04-2020,34.1,ahmedabad,Gujarat,5570585,IN005010600,India,-84.0,-66.0,-67.0,-57.0,28.0,46.0
13-04-2020,33.8,ahmedabad,Gujarat,5570585,IN005010600,India,-82.0,-62.0,-67.0,-72.0,37.0,39.0
14-04-2020,34.7,ahmedabad,Gujarat,5570585,IN005010600,India,-82.0,-63.0,-66.0,-74.0,35.0,38.0
15-04-2020,33.1,ahmedabad,Gujarat,5570585,IN005010600,India,-82.0,-59.0,-63.0,-70.0,34.0,53.0
16-04-2020,34.2,ahmedabad,Gujarat,5570585,IN005010600,India,-88.0,-53.0,-62.0,-71.0,35.0,77.0
17-04-2020,33.4,ahmedabad,Gujarat,5570585,IN005010600,India,-88.0,-53.0,-62.0,-70.0,35.0,95.0
18-04-2020,33.9,ahmedabad,Gujarat,5570585,IN005010600,India,-89.0,-60.0,-65.0,-68.0,35.0,78.0
19-04-2020,33.6,ahmedabad,Gujarat,5570585,IN005010600,India,-90.0,-63.0,-66.0,-54.0,28.0,239.0
20-04-2020,33.4,ahmedabad,Gujarat,5570585,IN005010600,India,-89.0,-57.0,-65.0,-69.0,36.0,0.0
21-04-2020,34.0,ahmedabad,Gujarat,5570585,IN005010600,India,-88.0,-57.0,-63.0,-69.0,34.0,147.0
24-04-2020,33.3,ahmedabad,Gujarat,5570585,IN005010600,India,-88.0,-56.0,-64.0,-68.0,35.0,151.0
25-04-2020,32.6,ahmedabad,Gujarat,5570585,IN005010600,India,-89.0,-58.0,-64.0,-67.0,36.0,169.0
26-04-2020,33.8,ahmedabad,Gujarat,5570585,IN005010600,India,-88.0,-57.0,-62.0,-47.0,27.0,182.0
27-04-2020,33.7,ahmedabad,Gujarat,5570585,IN005010600,India,-87.0,-55.0,-63.0,-65.0,35.0,0.0
28-04-2020,34.8,ahmedabad,Gujarat,5570585,IN005010600,India,-87.0,-54.0,-61.0,-65.0,32.0,275.0
01-05-2020,36.4,ahmedabad,Gujarat,5570585,IN005010600,India,-87.0,-53.0,-62.0,-64.0,33.0,314.0
02-05-2020,35.4,ahmedabad,Gujarat,5570585,IN005010600,India,-87.0,-54.0,-61.0,-60.0,33.0,366.0
03-05-2020,35.6,ahmedabad,Gujarat,5570585,IN005010600,India,-88.0,-57.0,-62.0,-46.0,26.0,333.0
04-05-2020,35.3,ahmedabad,Gujarat,5570585,IN005010600,India,-85.0,-49.0,-60.0,-60.0,32.0,368.0
05-05-2020,36.3,ahmedabad,Gujarat,5570585,IN005010600,India,-85.0,-49.0,-59.0,-61.0,31.0,372.0
06-05-2020,36.3,ahmedabad,Gujarat,5570585,IN005010600,India,-84.0,-45.0,-55.0,-60.0,30.0,472.0
07-05-2020,35.5,ahmedabad,Gujarat,5570585,IN005010600,India,-84.0,-47.0,-58.0,-61.0,31.0,390.0
08-05-2020,36.1,ahmedabad,Gujarat,5570585,IN005010600,India,-84.0,-46.0,-58.0,-60.0,31.0,406.0
09-05-2020,35.7,ahmedabad,Gujarat,5570585,IN005010600,India,-86.0,-51.0,-60.0,-60.0,33.0,406.0
09-05-2020,35.7,ahmedabad,Gujarat,5570585,IN005010600,India,-86.0,-51.0,-60.0,-60.0,33.0,0.0
10-05-2020,35.7,ahmedabad,Gujarat,5570585,IN005010600,India,-87.0,-57.0,-61.0,-43.0,25.0,0.0
11-05-2020,34.8,ahmedabad,Gujarat,5570585,IN005010600,India,-85.0,-51.0,-60.0,-60.0,32.0,562.0
12-05-2020,35.4,ahmedabad,Gujarat,5570585,IN005010600,India,-85.0,-51.0,-58.0,-60.0,31.0,396.0
13-05-2020,36.4,ahmedabad,Gujarat,5570585,IN005010600,India,-85.0,-52.0,-57.0,-59.0,30.0,680.0
02-03-2020,27.9,chennai,Tamil Nadu,4681087,IN020040900,India,-1.0,3.0,-2.0,8.0,1.0,0.0
03-03-2020,28.6,chennai,Tamil Nadu,4681087,IN020040900,India,1.0,3.0,-1.0,5.0,1.0,0.0
04-03-2020,28.6,chennai,Tamil Nadu,4681087,IN020040900,India,3.0,6.0,5.0,6.0,0.0,0.0
05-03-2020,28.7,chennai,Tamil Nadu,4681087,IN020040900,India,3.0,3.0,5.0,3.0,0.0,0.0
06-03-2020,28.8,chennai,Tamil Nadu,4681087,IN020040900,India,4.0,5.0,5.0,4.0,0.0,0.0
07-03-2020,28.8,chennai,Tamil Nadu,4681087,IN020040900,India,0.0,2.0,4.0,7.0,0.0,0.0
08-03-2020,28.7,chennai,Tamil Nadu,4681087,IN020040900,India,2.0,5.0,1.0,1.0,1.0,0.0
09-03-2020,28.2,chennai,Tamil Nadu,4681087,IN020040900,India,-1.0,4.0,0.0,5.0,1.0,0.0
10-03-2020,28.3,chennai,Tamil Nadu,4681087,IN020040900,India,1.0,4.0,-1.0,2.0,2.0,0.0
11-03-2020,28.3,chennai,Tamil Nadu,4681087,IN020040900,India,-1.0,4.0,2.0,5.0,0.0,0.0
12-03-2020,28.6,chennai,Tamil Nadu,4681087,IN020040900,India,-2.0,2.0,0.0,4.0,1.0,0.0
13-03-2020,28.1,chennai,Tamil Nadu,4681087,IN020040900,India,0.0,3.0,1.0,4.0,1.0,0.0
14-03-2020,27.4,chennai,Tamil Nadu,4681087,IN020040900,India,-4.0,1.0,-3.0,1.0,3.0,0.0
15-03-2020,28.8,chennai,Tamil Nadu,4681087,IN020040900,India,-8.0,3.0,-7.0,1.0,3.0,0.0
16-03-2020,29.3,chennai,Tamil Nadu,4681087,IN020040900,India,-7.0,5.0,-5.0,5.0,3.0,0.0
17-03-2020,29.3,chennai,Tamil Nadu,4681087,IN020040900,India,-8.0,7.0,-5.0,-5.0,4.0,0.0
18-03-2020,29.2,chennai,Tamil Nadu,4681087,IN020040900,India,-13.0,10.0,-7.0,-6.0,5.0,0.0
19-03-2020,29.7,chennai,Tamil Nadu,4681087,IN020040900,India,-17.0,7.0,-12.0,-7.0,7.0,1.0
20-03-2020,29.2,chennai,Tamil Nadu,4681087,IN020040900,India,-18.0,11.0,-14.0,-10.0,7.0,1.0
21-03-2020,29.4,chennai,Tamil Nadu,4681087,IN020040900,India,-25.0,17.0,-15.0,-9.0,7.0,0.0
22-03-2020,29.3,chennai,Tamil Nadu,4681087,IN020040900,India,-78.0,-79.0,-67.0,-46.0,22.0,1.0
23-03-2020,28.8,chennai,Tamil Nadu,4681087,IN020040900,India,-26.0,21.0,-24.0,-29.0,13.0,1.0
24-03-2020,28.8,chennai,Tamil Nadu,4681087,IN020040900,India,-41.0,5.0,-31.0,-48.0,17.0,1.0
25-03-2020,28.7,chennai,Tamil Nadu,4681087,IN020040900,India,-79.0,-65.0,-70.0,-75.0,34.0,5.0
26-03-2020,29.1,chennai,Tamil Nadu,4681087,IN020040900,India,-80.0,-66.0,-71.0,-74.0,37.0,1.0
27-03-2020,29.0,chennai,Tamil Nadu,4681087,IN020040900,India,-80.0,-65.0,-71.0,-74.0,36.0,2.0
28-03-2020,28.5,chennai,Tamil Nadu,4681087,IN020040900,India,-81.0,-66.0,-71.0,-69.0,32.0,2.0
29-03-2020,28.8,chennai,Tamil Nadu,4681087,IN020040900,India,-78.0,-63.0,-68.0,-46.0,24.0,1.0
30-03-2020,28.7,chennai,Tamil Nadu,4681087,IN020040900,India,-79.0,-63.0,-71.0,-72.0,36.0,0.0
31-03-2020,29.3,chennai,Tamil Nadu,4681087,IN020040900,India,-77.0,-61.0,-68.0,-72.0,33.0,5.0
01-04-2020,30.1,chennai,Tamil Nadu,4681087,IN020040900,India,-78.0,-61.0,-68.0,-72.0,34.0,4.0
02-04-2020,30.3,chennai,Tamil Nadu,4681087,IN020040900,India,-78.0,-61.0,-68.0,-72.0,35.0,1.0
03-04-2020,29.9,chennai,Tamil Nadu,4681087,IN020040900,India,-77.0,-59.0,-68.0,-71.0,35.0,20.0
04-04-2020,30.0,chennai,Tamil Nadu,4681087,IN020040900,India,-78.0,-62.0,-68.0,-64.0,31.0,35.0
05-04-2020,30.7,chennai,Tamil Nadu,4681087,IN020040900,India,-78.0,-64.0,-67.0,-41.0,23.0,7.0
06-04-2020,30.9,chennai,Tamil Nadu,4681087,IN020040900,India,-79.0,-63.0,-70.0,-72.0,36.0,7.0
07-04-2020,30.7,chennai,Tamil Nadu,4681087,IN020040900,India,-82.0,-51.0,-61.0,-71.0,33.0,15.0
08-04-2020,30.8,chennai,Tamil Nadu,4681087,IN020040900,India,-82.0,-51.0,-61.0,-71.0,33.0,39.0
09-04-2020,27.9,chennai,Tamil Nadu,4681087,IN020040900,India,-83.0,-52.0,-62.0,-71.0,36.0,7.0
10-04-2020,29.8,chennai,Tamil Nadu,4681087,IN020040900,India,-83.0,-50.0,-63.0,-73.0,36.0,7.0
11-04-2020,29.8,chennai,Tamil Nadu,4681087,IN020040900,India,-83.0,-52.0,-62.0,-65.0,32.0,9.0
12-04-2020,29.6,chennai,Tamil Nadu,4681087,IN020040900,India,-82.0,-52.0,-60.0,-41.0,23.0,10.0
13-04-2020,29.6,chennai,Tamil Nadu,4681087,IN020040900,India,-82.0,-50.0,-63.0,-69.0,36.0,18.0
14-04-2020,29.6,chennai,Tamil Nadu,4681087,IN020040900,India,-83.0,-55.0,-64.0,-74.0,36.0,9.0
15-04-2020,30.2,chennai,Tamil Nadu,4681087,IN020040900,India,-82.0,-51.0,-60.0,-69.0,34.0,5.0
16-04-2020,30.3,chennai,Tamil Nadu,4681087,IN020040900,India,-87.0,-46.0,-59.0,-69.0,36.0,5.0
17-04-2020,31.2,chennai,Tamil Nadu,4681087,IN020040900,India,-86.0,-44.0,-59.0,-69.0,36.0,3.0
18-04-2020,31.2,chennai,Tamil Nadu,4681087,IN020040900,India,-88.0,-50.0,-60.0,-61.0,31.0,11.0
19-04-2020,30.9,chennai,Tamil Nadu,4681087,IN020040900,India,-87.0,-51.0,-59.0,-39.0,23.0,7.0
20-04-2020,30.7,chennai,Tamil Nadu,4681087,IN020040900,India,-87.0,-48.0,-61.0,-66.0,35.0,0.0
21-04-2020,31.2,chennai,Tamil Nadu,4681087,IN020040900,India,-86.0,-45.0,-59.0,-68.0,33.0,18.0
22-04-2020,31.2,chennai,Tamil Nadu,4681087,IN020040900,India,-86.0,-46.0,-59.0,-67.0,33.0,55.0
23-04-2020,31.5,chennai,Tamil Nadu,4681087,IN020040900,India,-87.0,-47.0,-60.0,-67.0,36.0,15.0
24-04-2020,31.9,chennai,Tamil Nadu,4681087,IN020040900,India,-86.0,-44.0,-60.0,-67.0,35.0,27.0
25-04-2020,32.3,chennai,Tamil Nadu,4681087,IN020040900,India,-85.0,-32.0,-57.0,-62.0,30.0,52.0
26-04-2020,28.1,chennai,Tamil Nadu,4681087,IN020040900,India,-91.0,-70.0,-67.0,-44.0,26.0,43.0
27-04-2020,31.2,chennai,Tamil Nadu,4681087,IN020040900,India,-90.0,-64.0,-67.0,-70.0,39.0,0.0
28-04-2020,31.4,chennai,Tamil Nadu,4681087,IN020040900,India,-89.0,-62.0,-64.0,-71.0,35.0,81.0
29-04-2020,30.9,chennai,Tamil Nadu,4681087,IN020040900,India,-88.0,-59.0,-62.0,-69.0,35.0,104.0
30-04-2020,31.5,chennai,Tamil Nadu,4681087,IN020040900,India,-84.0,-32.0,-56.0,-65.0,34.0,111.0
30-04-2020,31.5,chennai,Tamil Nadu,4681087,IN020040900,India,-84.0,-32.0,-56.0,-65.0,34.0,0.0
01-05-2020,32.3,chennai,Tamil Nadu,4681087,IN020040900,India,-86.0,-42.0,-60.0,-70.0,36.0,142.0
02-05-2020,31.9,chennai,Tamil Nadu,4681087,IN020040900,India,-86.0,-45.0,-59.0,-58.0,30.0,185.0
03-05-2020,31.8,chennai,Tamil Nadu,4681087,IN020040900,India,-86.0,-50.0,-59.0,-35.0,22.0,176.0
04-05-2020,31.8,chennai,Tamil Nadu,4681087,IN020040900,India,-82.0,-36.0,-56.0,-58.0,32.0,230.0
05-05-2020,32.0,chennai,Tamil Nadu,4681087,IN020040900,India,-81.0,-35.0,-54.0,-60.0,31.0,284.0
06-05-2020,31.8,chennai,Tamil Nadu,4681087,IN020040900,India,-80.0,-29.0,-50.0,-57.0,29.0,332.0
07-05-2020,32.3,chennai,Tamil Nadu,4681087,IN020040900,India,-79.0,-29.0,-49.0,-56.0,30.0,337.0
08-05-2020,32.4,chennai,Tamil Nadu,4681087,IN020040900,India,-79.0,-27.0,-50.0,-55.0,29.0,326.0
09-05-2020,32.3,chennai,Tamil Nadu,4681087,IN020040900,India,-80.0,-30.0,-50.0,-47.0,26.0,436.0
09-05-2020,32.3,chennai,Tamil Nadu,4681087,IN020040900,India,-80.0,-30.0,-50.0,-47.0,26.0,0.0
10-05-2020,31.9,chennai,Tamil Nadu,4681087,IN020040900,India,-81.0,-35.0,-51.0,-25.0,19.0,0.0
11-05-2020,31.9,chennai,Tamil Nadu,4681087,IN020040900,India,-75.0,-21.0,-48.0,-48.0,28.0,604.0
12-05-2020,30.8,chennai,Tamil Nadu,4681087,IN020040900,India,-74.0,-20.0,-45.0,-50.0,27.0,609.0
13-05-2020,31.8,chennai,Tamil Nadu,4681087,IN020040900,India,-74.0,-17.0,-42.0,-47.0,25.0,560.0
02-03-2020,25.9,kolkata,West Bengal,4486679,IN024140300,India,-2.0,1.0,0.0,3.0,0.0,0.0
03-03-2020,24.7,kolkata,West Bengal,4486679,IN024140300,India,-8.0,-8.0,-4.0,2.0,1.0,0.0
04-03-2020,24.3,kolkata,West Bengal,4486679,IN024140300,India,0.0,7.0,7.0,11.0,-2.0,0.0
05-03-2020,23.2,kolkata,West Bengal,4486679,IN024140300,India,0.0,5.0,3.0,6.0,0.0,0.0
06-03-2020,25.3,kolkata,West Bengal,4486679,IN024140300,India,-1.0,5.0,4.0,6.0,0.0,0.0
07-03-2020,24.1,kolkata,West Bengal,4486679,IN024140300,India,-2.0,5.0,4.0,7.0,0.0,0.0
08-03-2020,24.8,kolkata,West Bengal,4486679,IN024140300,India,5.0,15.0,7.0,5.0,-1.0,0.0
09-03-2020,24.3,kolkata,West Bengal,4486679,IN024140300,India,-22.0,-20.0,-33.0,-51.0,13.0,0.0
10-03-2020,25.6,kolkata,West Bengal,4486679,IN024140300,India,-15.0,-15.0,-19.0,-36.0,7.0,0.0
11-03-2020,26.9,kolkata,West Bengal,4486679,IN024140300,India,-3.0,3.0,6.0,5.0,-3.0,0.0
12-03-2020,27.3,kolkata,West Bengal,4486679,IN024140300,India,-3.0,2.0,1.0,4.0,-1.0,0.0
13-03-2020,28.6,kolkata,West Bengal,4486679,IN024140300,India,-4.0,1.0,0.0,3.0,0.0,0.0
14-03-2020,25.6,kolkata,West Bengal,4486679,IN024140300,India,-9.0,-4.0,-6.0,1.0,1.0,0.0
15-03-2020,25.5,kolkata,West Bengal,4486679,IN024140300,India,-6.0,1.0,-5.0,3.0,2.0,0.0
16-03-2020,27.0,kolkata,West Bengal,4486679,IN024140300,India,-6.0,-1.0,-5.0,-2.0,2.0,0.0
17-03-2020,27.3,kolkata,West Bengal,4486679,IN024140300,India,-8.0,-2.0,-10.0,-7.0,3.0,0.0
18-03-2020,26.8,kolkata,West Bengal,4486679,IN024140300,India,-10.0,2.0,-6.0,1.0,2.0,1.0
19-03-2020,27.2,kolkata,West Bengal,4486679,IN024140300,India,-13.0,2.0,-14.0,-5.0,4.0,0.0
20-03-2020,26.9,kolkata,West Bengal,4486679,IN024140300,India,-19.0,-1.0,-18.0,-9.0,6.0,0.0
21-03-2020,27.4,kolkata,West Bengal,4486679,IN024140300,India,-29.0,-5.0,-24.0,-8.0,7.0,0.0
22-03-2020,25.5,kolkata,West Bengal,4486679,IN024140300,India,-66.0,-63.0,-65.0,-39.0,18.0,1.0
23-03-2020,27.1,kolkata,West Bengal,4486679,IN024140300,India,-42.0,-14.0,-50.0,-41.0,16.0,3.0
24-03-2020,27.6,kolkata,West Bengal,4486679,IN024140300,India,-67.0,-56.0,-73.0,-64.0,26.0,0.0
25-03-2020,28.7,kolkata,West Bengal,4486679,IN024140300,India,-71.0,-58.0,-75.0,-65.0,26.0,2.0
26-03-2020,29.6,kolkata,West Bengal,4486679,IN024140300,India,-71.0,-61.0,-77.0,-66.0,28.0,0.0
27-03-2020,30.5,kolkata,West Bengal,4486679,IN024140300,India,-71.0,-60.0,-76.0,-65.0,28.0,0.0
28-03-2020,31.2,kolkata,West Bengal,4486679,IN024140300,India,-72.0,-62.0,-77.0,-60.0,27.0,0.0
29-03-2020,30.4,kolkata,West Bengal,4486679,IN024140300,India,-71.0,-60.0,-74.0,-41.0,22.0,0.0
30-03-2020,29.8,kolkata,West Bengal,4486679,IN024140300,India,-70.0,-62.0,-77.0,-64.0,29.0,1.0
31-03-2020,30.4,kolkata,West Bengal,4486679,IN024140300,India,-69.0,-60.0,-76.0,-64.0,27.0,1.0
01-04-2020,30.5,kolkata,West Bengal,4486679,IN024140300,India,-69.0,-59.0,-75.0,-62.0,25.0,0.0
02-04-2020,30.6,kolkata,West Bengal,4486679,IN024140300,India,-68.0,-58.0,-75.0,-62.0,26.0,0.0
03-04-2020,31.3,kolkata,West Bengal,4486679,IN024140300,India,-68.0,-58.0,-75.0,-62.0,27.0,0.0
04-04-2020,31.6,kolkata,West Bengal,4486679,IN024140300,India,-70.0,-59.0,-75.0,-55.0,25.0,0.0
05-04-2020,31.2,kolkata,West Bengal,4486679,IN024140300,India,-69.0,-57.0,-73.0,-37.0,20.0,0.0
06-04-2020,31.0,kolkata,West Bengal,4486679,IN024140300,India,-68.0,-58.0,-75.0,-62.0,27.0,0.0
07-04-2020,31.2,kolkata,West Bengal,4486679,IN024140300,India,-69.0,-48.0,-71.0,-62.0,26.0,0.0
08-04-2020,30.1,kolkata,West Bengal,4486679,IN024140300,India,-70.0,-46.0,-70.0,-60.0,24.0,0.0
09-04-2020,29.9,kolkata,West Bengal,4486679,IN024140300,India,-69.0,-46.0,-71.0,-61.0,26.0,0.0
10-04-2020,30.4,kolkata,West Bengal,4486679,IN024140300,India,-70.0,-47.0,-71.0,-63.0,27.0,0.0
11-04-2020,30.8,kolkata,West Bengal,4486679,IN024140300,India,-71.0,-47.0,-71.0,-56.0,26.0,0.0
12-04-2020,29.9,kolkata,West Bengal,4486679,IN024140300,India,-70.0,-46.0,-68.0,-37.0,20.0,0.0
13-04-2020,30.6,kolkata,West Bengal,4486679,IN024140300,India,-69.0,-48.0,-72.0,-61.0,28.0,0.0
14-04-2020,31.2,kolkata,West Bengal,4486679,IN024140300,India,-69.0,-49.0,-72.0,-64.0,27.0,0.0
15-04-2020,29.2,kolkata,West Bengal,4486679,IN024140300,India,-72.0,-48.0,-70.0,-58.0,25.0,0.0
16-04-2020,29.5,kolkata,West Bengal,4486679,IN024140300,India,-85.0,-37.0,-70.0,-60.0,26.0,0.0
17-04-2020,30.8,kolkata,West Bengal,4486679,IN024140300,India,-85.0,-39.0,-70.0,-60.0,27.0,0.0
18-04-2020,29.6,kolkata,West Bengal,4486679,IN024140300,India,-87.0,-45.0,-71.0,-55.0,25.0,0.0
19-04-2020,30.2,kolkata,West Bengal,4486679,IN024140300,India,-87.0,-43.0,-68.0,-38.0,21.0,0.0
20-04-2020,29.4,kolkata,West Bengal,4486679,IN024140300,India,-86.0,-45.0,-72.0,-60.0,27.0,0.0
21-04-2020,23.7,kolkata,West Bengal,4486679,IN024140300,India,-87.0,-49.0,-73.0,-63.0,27.0,0.0
22-04-2020,27.8,kolkata,West Bengal,4486679,IN024140300,India,-86.0,-41.0,-69.0,-58.0,24.0,0.0
23-04-2020,26.9,kolkata,West Bengal,4486679,IN024140300,India,-86.0,-44.0,-71.0,-60.0,27.0,0.0
24-04-2020,27.1,kolkata,West Bengal,4486679,IN024140300,India,-86.0,-43.0,-71.0,-60.0,27.0,0.0
25-04-2020,28.7,kolkata,West Bengal,4486679,IN024140300,India,-87.0,-44.0,-71.0,-56.0,26.0,0.0
26-04-2020,27.4,kolkata,West Bengal,4486679,IN024140300,India,-86.0,-43.0,-68.0,-37.0,22.0,0.0
27-04-2020,27.1,kolkata,West Bengal,4486679,IN024140300,India,-86.0,-45.0,-72.0,-60.0,29.0,0.0
28-04-2020,25.2,kolkata,West Bengal,4486679,IN024140300,India,-86.0,-46.0,-72.0,-61.0,27.0,0.0
29-04-2020,28.2,kolkata,West Bengal,4486679,IN024140300,India,-85.0,-38.0,-67.0,-56.0,25.0,0.0
30-04-2020,29.3,kolkata,West Bengal,4486679,IN024140300,India,-86.0,-38.0,-68.0,-57.0,26.0,0.0
30-04-2020,29.3,kolkata,West Bengal,4486679,IN024140300,India,-86.0,-38.0,-68.0,-57.0,26.0,0.0
01-05-2020,25.4,kolkata,West Bengal,4486679,IN024140300,India,-88.0,-45.0,-72.0,-63.0,28.0,0.0
02-05-2020,26.8,kolkata,West Bengal,4486679,IN024140300,India,-87.0,-40.0,-68.0,-51.0,25.0,0.0
03-05-2020,28.4,kolkata,West Bengal,4486679,IN024140300,India,-86.0,-38.0,-66.0,-34.0,20.0,0.0
04-05-2020,29.4,kolkata,West Bengal,4486679,IN024140300,India,-85.0,-38.0,-68.0,-56.0,26.0,633.0
05-05-2020,30.1,kolkata,West Bengal,4486679,IN024140300,India,-84.0,-37.0,-67.0,-56.0,25.0,38.0
06-05-2020,27.0,kolkata,West Bengal,4486679,IN024140300,India,-83.0,-32.0,-64.0,-52.0,22.0,73.0
07-05-2020,28.8,kolkata,West Bengal,4486679,IN024140300,India,-83.0,-32.0,-66.0,-56.0,25.0,56.0
08-05-2020,30.1,kolkata,West Bengal,4486679,IN024140300,India,-83.0,-32.0,-66.0,-55.0,25.0,47.0
09-05-2020,32.0,kolkata,West Bengal,4486679,IN024140300,India,-84.0,-35.0,-66.0,-48.0,23.0,89.0
09-05-2020,32.0,kolkata,West Bengal,4486679,IN024140300,India,-84.0,-35.0,-66.0,-48.0,23.0,0.0
10-05-2020,30.2,kolkata,West Bengal,4486679,IN024140300,India,-85.0,-35.0,-64.0,-29.0,19.0,0.0
11-05-2020,29.8,kolkata,West Bengal,4486679,IN024140300,India,-82.0,-31.0,-65.0,-52.0,24.0,56.0
12-05-2020,31.7,kolkata,West Bengal,4486679,IN024140300,India,-83.0,-32.0,-65.0,-53.0,25.0,101.0
13-05-2020,32.1,kolkata,West Bengal,4486679,IN024140300,India,-82.0,-29.0,-62.0,-48.0,21.0,85.0
02-03-2020,25.3,surat,Gujarat,4467797,IN005171200,India,-4.0,1.0,-2.0,5.0,1.0,0.0
03-03-2020,25.2,surat,Gujarat,4467797,IN005171200,India,-3.0,2.0,-2.0,4.0,1.0,0.0
04-03-2020,25.4,surat,Gujarat,4467797,IN005171200,India,-2.0,3.0,0.0,4.0,1.0,0.0
05-03-2020,25.1,surat,Gujarat,4467797,IN005171200,India,-4.0,1.0,-2.0,3.0,2.0,0.0
06-03-2020,25.2,surat,Gujarat,4467797,IN005171200,India,-3.0,3.0,-1.0,5.0,1.0,0.0
07-03-2020,23.4,surat,Gujarat,4467797,IN005171200,India,-2.0,4.0,3.0,8.0,0.0,0.0
08-03-2020,25.3,surat,Gujarat,4467797,IN005171200,India,-4.0,3.0,-1.0,12.0,1.0,0.0
09-03-2020,25.1,surat,Gujarat,4467797,IN005171200,India,0.0,7.0,-3.0,-11.0,3.0,0.0
10-03-2020,25.2,surat,Gujarat,4467797,IN005171200,India,-11.0,-31.0,-17.0,-70.0,14.0,0.0
11-03-2020,25.0,surat,Gujarat,4467797,IN005171200,India,-3.0,1.0,3.0,-5.0,0.0,0.0
12-03-2020,23.5,surat,Gujarat,4467797,IN005171200,India,-4.0,-1.0,-3.0,-2.0,1.0,0.0
13-03-2020,24.1,surat,Gujarat,4467797,IN005171200,India,-6.0,0.0,-4.0,2.0,1.0,0.0
14-03-2020,25.2,surat,Gujarat,4467797,IN005171200,India,-7.0,1.0,-7.0,0.0,3.0,0.0
15-03-2020,27.1,surat,Gujarat,4467797,IN005171200,India,-9.0,-3.0,-7.0,2.0,3.0,0.0
16-03-2020,28.7,surat,Gujarat,4467797,IN005171200,India,-7.0,3.0,-5.0,-1.0,3.0,0.0
17-03-2020,28.7,surat,Gujarat,4467797,IN005171200,India,-9.0,0.0,-7.0,-3.0,2.0,0.0
18-03-2020,28.6,surat,Gujarat,4467797,IN005171200,India,-9.0,-1.0,-8.0,-4.0,2.0,0.0
19-03-2020,27.1,surat,Gujarat,4467797,IN005171200,India,-11.0,3.0,-11.0,-5.0,3.0,0.0
20-03-2020,26.3,surat,Gujarat,4467797,IN005171200,India,-18.0,9.0,-15.0,-5.0,4.0,1.0
21-03-2020,26.6,surat,Gujarat,4467797,IN005171200,India,-32.0,-3.0,-22.0,-10.0,8.0,0.0
22-03-2020,28.5,surat,Gujarat,4467797,IN005171200,India,-79.0,-78.0,-67.0,-57.0,25.0,2.0
23-03-2020,30.0,surat,Gujarat,4467797,IN005171200,India,-62.0,-41.0,-53.0,-52.0,24.0,0.0
24-03-2020,30.8,surat,Gujarat,4467797,IN005171200,India,-74.0,-58.0,-65.0,-71.0,31.0,1.0
25-03-2020,30.9,surat,Gujarat,4467797,IN005171200,India,-78.0,-64.0,-69.0,-76.0,33.0,1.0
26-03-2020,29.1,surat,Gujarat,4467797,IN005171200,India,-78.0,-64.0,-69.0,-75.0,34.0,2.0
27-03-2020,27.2,surat,Gujarat,4467797,IN005171200,India,-78.0,-66.0,-70.0,-74.0,34.0,1.0
28-03-2020,28.9,surat,Gujarat,4467797,IN005171200,India,-81.0,-70.0,-72.0,-74.0,35.0,0.0
29-03-2020,28.8,surat,Gujarat,4467797,IN005171200,India,-82.0,-72.0,-72.0,-59.0,28.0,0.0
30-03-2020,29.8,surat,Gujarat,4467797,IN005171200,India,-79.0,-68.0,-72.0,-74.0,35.0,1.0
31-03-2020,27.6,surat,Gujarat,4467797,IN005171200,India,-79.0,-67.0,-71.0,-73.0,33.0,0.0
01-04-2020,29.4,surat,Gujarat,4467797,IN005171200,India,-79.0,-67.0,-70.0,-73.0,33.0,1.0
02-04-2020,30.4,surat,Gujarat,4467797,IN005171200,India,-79.0,-69.0,-71.0,-75.0,35.0,2.0
03-04-2020,31.3,surat,Gujarat,4467797,IN005171200,India,-78.0,-66.0,-70.0,-71.0,33.0,0.0
04-04-2020,30.5,surat,Gujarat,4467797,IN005171200,India,-79.0,-67.0,-71.0,-69.0,33.0,0.0
05-04-2020,31.0,surat,Gujarat,4467797,IN005171200,India,-81.0,-71.0,-71.0,-55.0,26.0,1.0
06-04-2020,28.4,surat,Gujarat,4467797,IN005171200,India,-80.0,-68.0,-72.0,-74.0,35.0,3.0
07-04-2020,29.1,surat,Gujarat,4467797,IN005171200,India,-81.0,-59.0,-64.0,-72.0,33.0,3.0
08-04-2020,28.7,surat,Gujarat,4467797,IN005171200,India,-82.0,-61.0,-65.0,-73.0,33.0,3.0
09-04-2020,29.4,surat,Gujarat,4467797,IN005171200,India,-82.0,-60.0,-66.0,-73.0,36.0,1.0
10-04-2020,30.8,surat,Gujarat,4467797,IN005171200,India,-82.0,-61.0,-67.0,-74.0,36.0,1.0
11-04-2020,32.5,surat,Gujarat,4467797,IN005171200,India,-83.0,-63.0,-67.0,-73.0,37.0,3.0
12-04-2020,33.4,surat,Gujarat,4467797,IN005171200,India,-84.0,-66.0,-67.0,-57.0,28.0,1.0
13-04-2020,33.0,surat,Gujarat,4467797,IN005171200,India,-82.0,-62.0,-67.0,-72.0,37.0,0.0
14-04-2020,32.8,surat,Gujarat,4467797,IN005171200,India,-82.0,-63.0,-66.0,-74.0,35.0,5.0
15-04-2020,33.4,surat,Gujarat,4467797,IN005171200,India,-82.0,-59.0,-63.0,-70.0,34.0,9.0
16-04-2020,31.0,surat,Gujarat,4467797,IN005171200,India,-88.0,-53.0,-62.0,-71.0,35.0,9.0
17-04-2020,30.6,surat,Gujarat,4467797,IN005171200,India,-88.0,-53.0,-62.0,-70.0,35.0,37.0
18-04-2020,32.2,surat,Gujarat,4467797,IN005171200,India,-89.0,-60.0,-65.0,-68.0,35.0,52.0
19-04-2020,31.5,surat,Gujarat,4467797,IN005171200,India,-90.0,-63.0,-66.0,-54.0,28.0,13.0
20-04-2020,32.8,surat,Gujarat,4467797,IN005171200,India,-89.0,-57.0,-65.0,-69.0,36.0,0.0
21-04-2020,31.3,surat,Gujarat,4467797,IN005171200,India,-88.0,-57.0,-63.0,-69.0,34.0,27.0
22-04-2020,31.9,surat,Gujarat,4467797,IN005171200,India,-89.0,-58.0,-64.0,-69.0,34.0,78.0
23-04-2020,31.8,surat,Gujarat,4467797,IN005171200,India,-89.0,-58.0,-64.0,-69.0,36.0,68.0
24-04-2020,31.8,surat,Gujarat,4467797,IN005171200,India,-88.0,-56.0,-64.0,-68.0,35.0,41.0
25-04-2020,30.4,surat,Gujarat,4467797,IN005171200,India,-89.0,-58.0,-64.0,-67.0,36.0,6.0
26-04-2020,30.1,surat,Gujarat,4467797,IN005171200,India,-88.0,-57.0,-62.0,-47.0,27.0,34.0
27-04-2020,30.2,surat,Gujarat,4467797,IN005171200,India,-87.0,-55.0,-63.0,-65.0,35.0,0.0
28-04-2020,32.5,surat,Gujarat,4467797,IN005171200,India,-87.0,-54.0,-61.0,-65.0,32.0,38.0
29-04-2020,33.5,surat,Gujarat,4467797,IN005171200,India,-87.0,-54.0,-60.0,-65.0,33.0,14.0
30-04-2020,31.7,surat,Gujarat,4467797,IN005171200,India,-87.0,-54.0,-61.0,-64.0,34.0,54.0
30-04-2020,31.7,surat,Gujarat,4467797,IN005171200,India,-87.0,-54.0,-61.0,-64.0,34.0,0.0
01-05-2020,31.8,surat,Gujarat,4467797,IN005171200,India,-87.0,-53.0,-62.0,-64.0,33.0,30.0
02-05-2020,31.9,surat,Gujarat,4467797,IN005171200,India,-87.0,-54.0,-61.0,-60.0,33.0,44.0
03-05-2020,32.3,surat,Gujarat,4467797,IN005171200,India,-88.0,-57.0,-62.0,-46.0,26.0,51.0
04-05-2020,32.2,surat,Gujarat,4467797,IN005171200,India,-85.0,-49.0,-60.0,-60.0,32.0,84.0
05-05-2020,32.4,surat,Gujarat,4467797,IN005171200,India,-85.0,-49.0,-59.0,-61.0,31.0,71.0
06-05-2020,32.9,surat,Gujarat,4467797,IN005171200,India,-84.0,-45.0,-55.0,-60.0,30.0,95.0
07-05-2020,31.7,surat,Gujarat,4467797,IN005171200,India,-84.0,-47.0,-58.0,-61.0,31.0,63.0
08-05-2020,31.2,surat,Gujarat,4467797,IN005171200,India,-84.0,-46.0,-58.0,-60.0,31.0,100.0
09-05-2020,31.3,surat,Gujarat,4467797,IN005171200,India,-86.0,-51.0,-60.0,-60.0,33.0,50.0
09-05-2020,31.3,surat,Gujarat,4467797,IN005171200,India,-86.0,-51.0,-60.0,-60.0,33.0,0.0
10-05-2020,32.1,surat,Gujarat,4467797,IN005171200,India,-87.0,-57.0,-61.0,-43.0,25.0,0.0
11-05-2020,31.3,surat,Gujarat,4467797,IN005171200,India,-85.0,-51.0,-60.0,-60.0,32.0,75.0
12-05-2020,31.6,surat,Gujarat,4467797,IN005171200,India,-85.0,-51.0,-58.0,-60.0,31.0,84.0
13-05-2020,32.3,surat,Gujarat,4467797,IN005171200,India,-85.0,-52.0,-57.0,-59.0,30.0,54.0
02-03-2020,24.7,pune,Maharashtra,3124458,IN012190100,India,-2.0,1.0,0.0,4.0,1.0,0.0
03-03-2020,22.9,pune,Maharashtra,3124458,IN012190100,India,-1.0,1.0,-1.0,3.0,1.0,0.0
04-03-2020,23.3,pune,Maharashtra,3124458,IN012190100,India,0.0,3.0,2.0,6.0,0.0,0.0
05-03-2020,23.2,pune,Maharashtra,3124458,IN012190100,India,-1.0,3.0,0.0,4.0,1.0,0.0
06-03-2020,22.8,pune,Maharashtra,3124458,IN012190100,India,0.0,4.0,1.0,5.0,1.0,0.0
07-03-2020,23.6,pune,Maharashtra,3124458,IN012190100,India,-2.0,5.0,3.0,4.0,1.0,0.0
08-03-2020,24.3,pune,Maharashtra,3124458,IN012190100,India,1.0,4.0,-2.0,6.0,1.0,0.0
09-03-2020,24.3,pune,Maharashtra,3124458,IN012190100,India,-1.0,6.0,-4.0,-4.0,2.0,0.0
10-03-2020,23.8,pune,Maharashtra,3124458,IN012190100,India,-17.0,-21.0,-32.0,-60.0,18.0,2.0
11-03-2020,24.0,pune,Maharashtra,3124458,IN012190100,India,-5.0,0.0,0.0,0.0,0.0,3.0
12-03-2020,23.1,pune,Maharashtra,3124458,IN012190100,India,-6.0,1.0,-3.0,-1.0,1.0,3.0
13-03-2020,23.2,pune,Maharashtra,3124458,IN012190100,India,-9.0,1.0,-7.0,-2.0,3.0,1.0
14-03-2020,23.4,pune,Maharashtra,3124458,IN012190100,India,-14.0,3.0,-9.0,-5.0,5.0,1.0
15-03-2020,25.3,pune,Maharashtra,3124458,IN012190100,India,-17.0,-1.0,-11.0,1.0,4.0,0.0
16-03-2020,26.3,pune,Maharashtra,3124458,IN012190100,India,-12.0,1.0,-10.0,-8.0,5.0,4.0
17-03-2020,27.6,pune,Maharashtra,3124458,IN012190100,India,-18.0,0.0,-15.0,-14.0,7.0,0.0
18-03-2020,28.0,pune,Maharashtra,3124458,IN012190100,India,-22.0,-5.0,-19.0,-18.0,8.0,1.0
19-03-2020,26.4,pune,Maharashtra,3124458,IN012190100,India,-28.0,-8.0,-26.0,-24.0,10.0,1.0
20-03-2020,25.6,pune,Maharashtra,3124458,IN012190100,India,-41.0,-12.0,-33.0,-31.0,14.0,0.0
21-03-2020,24.3,pune,Maharashtra,3124458,IN012190100,India,-60.0,-26.0,-45.0,-43.0,17.0,2.0
22-03-2020,27.2,pune,Maharashtra,3124458,IN012190100,India,-86.0,-84.0,-78.0,-62.0,26.0,2.0
23-03-2020,28.2,pune,Maharashtra,3124458,IN012190100,India,-69.0,-39.0,-69.0,-69.0,29.0,4.0
24-03-2020,29.1,pune,Maharashtra,3124458,IN012190100,India,-76.0,-50.0,-76.0,-77.0,34.0,0.0
25-03-2020,25.8,pune,Maharashtra,3124458,IN012190100,India,-82.0,-67.0,-81.0,-81.0,37.0,3.0
26-03-2020,28.8,pune,Maharashtra,3124458,IN012190100,India,-80.0,-63.0,-79.0,-78.0,36.0,0.0
27-03-2020,27.1,pune,Maharashtra,3124458,IN012190100,India,-80.0,-62.0,-79.0,-77.0,36.0,0.0
28-03-2020,25.4,pune,Maharashtra,3124458,IN012190100,India,-82.0,-66.0,-79.0,-74.0,34.0,1.0
29-03-2020,24.8,pune,Maharashtra,3124458,IN012190100,India,-82.0,-68.0,-77.0,-57.0,25.0,0.0
30-03-2020,28.8,pune,Maharashtra,3124458,IN012190100,India,-79.0,-63.0,-79.0,-76.0,35.0,4.0
31-03-2020,27.6,pune,Maharashtra,3124458,IN012190100,India,-80.0,-64.0,-80.0,-76.0,35.0,6.0
01-04-2020,28.6,pune,Maharashtra,3124458,IN012190100,India,-80.0,-65.0,-80.0,-77.0,35.0,5.0
02-04-2020,29.4,pune,Maharashtra,3124458,IN012190100,India,-81.0,-66.0,-81.0,-79.0,37.0,2.0
03-04-2020,29.2,pune,Maharashtra,3124458,IN012190100,India,-80.0,-64.0,-80.0,-76.0,36.0,11.0
04-04-2020,30.4,pune,Maharashtra,3124458,IN012190100,India,-82.0,-66.0,-79.0,-71.0,34.0,9.0
05-04-2020,29.9,pune,Maharashtra,3124458,IN012190100,India,-82.0,-68.0,-78.0,-55.0,25.0,12.0
06-04-2020,30.7,pune,Maharashtra,3124458,IN012190100,India,-80.0,-64.0,-80.0,-78.0,36.0,18.0
07-04-2020,27.9,pune,Maharashtra,3124458,IN012190100,India,-82.0,-54.0,-76.0,-76.0,35.0,41.0
08-04-2020,27.4,pune,Maharashtra,3124458,IN012190100,India,-83.0,-57.0,-76.0,-76.0,35.0,10.0
09-04-2020,28.2,pune,Maharashtra,3124458,IN012190100,India,-83.0,-55.0,-77.0,-77.0,37.0,38.0
10-04-2020,29.6,pune,Maharashtra,3124458,IN012190100,India,-83.0,-56.0,-78.0,-79.0,39.0,17.0
11-04-2020,31.9,pune,Maharashtra,3124458,IN012190100,India,-85.0,-60.0,-77.0,-73.0,36.0,42.0
12-04-2020,30.6,pune,Maharashtra,3124458,IN012190100,India,-85.0,-63.0,-75.0,-56.0,25.0,9.0
13-04-2020,31.3,pune,Maharashtra,3124458,IN012190100,India,-82.0,-57.0,-77.0,-75.0,37.0,6.0
14-04-2020,31.1,pune,Maharashtra,3124458,IN012190100,India,-83.0,-59.0,-78.0,-78.0,37.0,45.0
15-04-2020,31.1,pune,Maharashtra,3124458,IN012190100,India,-82.0,-53.0,-75.0,-74.0,35.0,43.0
16-04-2020,30.4,pune,Maharashtra,3124458,IN012190100,India,-87.0,-49.0,-75.0,-75.0,36.0,56.0
17-04-2020,30.7,pune,Maharashtra,3124458,IN012190100,India,-87.0,-49.0,-75.0,-74.0,37.0,66.0
18-04-2020,31.0,pune,Maharashtra,3124458,IN012190100,India,-89.0,-56.0,-75.0,-69.0,34.0,31.0
19-04-2020,30.2,pune,Maharashtra,3124458,IN012190100,India,-89.0,-58.0,-73.0,-53.0,25.0,87.0
20-04-2020,30.2,pune,Maharashtra,3124458,IN012190100,India,-87.0,-52.0,-75.0,-73.0,36.0,0.0
21-04-2020,28.3,pune,Maharashtra,3124458,IN012190100,India,-87.0,-52.0,-75.0,-74.0,36.0,52.0
22-04-2020,30.2,pune,Maharashtra,3124458,IN012190100,India,-87.0,-53.0,-75.0,-74.0,36.0,53.0
23-04-2020,30.9,pune,Maharashtra,3124458,IN012190100,India,-88.0,-54.0,-76.0,-74.0,37.0,89.0
24-04-2020,30.4,pune,Maharashtra,3124458,IN012190100,India,-87.0,-51.0,-76.0,-74.0,37.0,105.0
25-04-2020,29.2,pune,Maharashtra,3124458,IN012190100,India,-89.0,-54.0,-75.0,-70.0,35.0,51.0
26-04-2020,29.2,pune,Maharashtra,3124458,IN012190100,India,-89.0,-59.0,-74.0,-53.0,26.0,69.0
27-04-2020,29.6,pune,Maharashtra,3124458,IN012190100,India,-87.0,-53.0,-76.0,-73.0,37.0,0.0
28-04-2020,31.3,pune,Maharashtra,3124458,IN012190100,India,-87.0,-52.0,-75.0,-74.0,36.0,62.0
29-04-2020,30.8,pune,Maharashtra,3124458,IN012190100,India,-87.0,-52.0,-74.0,-73.0,36.0,89.0
30-04-2020,29.4,pune,Maharashtra,3124458,IN012190100,India,-87.0,-52.0,-75.0,-73.0,36.0,32.0
30-04-2020,29.4,pune,Maharashtra,3124458,IN012190100,India,-87.0,-52.0,-75.0,-73.0,36.0,0.0
01-05-2020,28.2,pune,Maharashtra,3124458,IN012190100,India,-87.0,-53.0,-76.0,-77.0,38.0,63.0
02-05-2020,30.0,pune,Maharashtra,3124458,IN012190100,India,-88.0,-54.0,-74.0,-67.0,34.0,116.0
03-05-2020,30.8,pune,Maharashtra,3124458,IN012190100,India,-88.0,-57.0,-72.0,-50.0,25.0,62.0
04-05-2020,30.4,pune,Maharashtra,3124458,IN012190100,India,-84.0,-44.0,-71.0,-70.0,34.0,79.0
05-05-2020,31.4,pune,Maharashtra,3124458,IN012190100,India,-84.0,-44.0,-70.0,-70.0,34.0,715.0
06-05-2020,32.1,pune,Maharashtra,3124458,IN012190100,India,-83.0,-41.0,-68.0,-68.0,33.0,153.0
07-05-2020,31.3,pune,Maharashtra,3124458,IN012190100,India,-83.0,-43.0,-70.0,-71.0,34.0,88.0
08-05-2020,30.9,pune,Maharashtra,3124458,IN012190100,India,-82.0,-37.0,-68.0,-67.0,34.0,131.0
09-05-2020,31.6,pune,Maharashtra,3124458,IN012190100,India,-85.0,-44.0,-68.0,-64.0,32.0,118.0
09-05-2020,31.6,pune,Maharashtra,3124458,IN012190100,India,-85.0,-44.0,-68.0,-64.0,32.0,0.0
10-05-2020,31.8,pune,Maharashtra,3124458,IN012190100,India,-85.0,-50.0,-67.0,-44.0,23.0,0.0
11-05-2020,29.3,pune,Maharashtra,3124458,IN012190100,India,-82.0,-41.0,-68.0,-67.0,33.0,655.0
12-05-2020,31.5,pune,Maharashtra,3124458,IN012190100,India,-82.0,-40.0,-68.0,-67.0,33.0,274.0
13-05-2020,31.6,pune,Maharashtra,3124458,IN012190100,India,-82.0,-40.0,-66.0,-66.0,32.0,231.0
02-03-2020,23.7,jaipur,Rajasthan,3046163,IN019131301,India,2.0,4.0,5.0,4.0,-1.0,0.0
03-03-2020,24.2,jaipur,Rajasthan,3046163,IN019131301,India,1.0,4.0,6.0,6.0,0.0,0.0
04-03-2020,21.7,jaipur,Rajasthan,3046163,IN019131301,India,1.0,6.0,6.0,7.0,0.0,0.0
05-03-2020,20.0,jaipur,Rajasthan,3046163,IN019131301,India,-4.0,1.0,3.0,4.0,1.0,0.0
06-03-2020,17.3,jaipur,Rajasthan,3046163,IN019131301,India,-5.0,0.0,2.0,5.0,1.0,0.0
07-03-2020,18.3,jaipur,Rajasthan,3046163,IN019131301,India,2.0,8.0,14.0,6.0,-1.0,0.0
08-03-2020,20.4,jaipur,Rajasthan,3046163,IN019131301,India,1.0,10.0,12.0,5.0,-2.0,0.0
09-03-2020,21.7,jaipur,Rajasthan,3046163,IN019131301,India,-3.0,8.0,-2.0,-25.0,3.0,0.0
10-03-2020,20.2,jaipur,Rajasthan,3046163,IN019131301,India,-34.0,-40.0,-31.0,-64.0,11.0,0.0
11-03-2020,20.7,jaipur,Rajasthan,3046163,IN019131301,India,-3.0,2.0,9.0,-12.0,-2.0,1.0
12-03-2020,21.5,jaipur,Rajasthan,3046163,IN019131301,India,-3.0,2.0,8.0,-2.0,-1.0,0.0
13-03-2020,20.7,jaipur,Rajasthan,3046163,IN019131301,India,-4.0,3.0,3.0,1.0,0.0,0.0
14-03-2020,19.4,jaipur,Rajasthan,3046163,IN019131301,India,-5.0,3.0,1.0,-2.0,1.0,0.0
15-03-2020,20.4,jaipur,Rajasthan,3046163,IN019131301,India,-12.0,-4.0,-4.0,0.0,2.0,1.0
16-03-2020,21.3,jaipur,Rajasthan,3046163,IN019131301,India,-9.0,-6.0,-4.0,-11.0,2.0,0.0
17-03-2020,23.5,jaipur,Rajasthan,3046163,IN019131301,India,-8.0,-1.0,-2.0,-4.0,0.0,0.0
18-03-2020,25.4,jaipur,Rajasthan,3046163,IN019131301,India,-8.0,0.0,-5.0,-2.0,1.0,0.0
19-03-2020,26.8,jaipur,Rajasthan,3046163,IN019131301,India,-12.0,4.0,-7.0,-5.0,2.0,0.0
20-03-2020,25.8,jaipur,Rajasthan,3046163,IN019131301,India,-22.0,-1.0,-12.0,-8.0,4.0,2.0
21-03-2020,25.5,jaipur,Rajasthan,3046163,IN019131301,India,-38.0,-14.0,-24.0,-20.0,7.0,2.0
22-03-2020,27.9,jaipur,Rajasthan,3046163,IN019131301,India,-75.0,-74.0,-71.0,-51.0,20.0,0.0
23-03-2020,25.4,jaipur,Rajasthan,3046163,IN019131301,India,-63.0,-50.0,-62.0,-55.0,18.0,0.0
24-03-2020,27.1,jaipur,Rajasthan,3046163,IN019131301,India,-71.0,-61.0,-69.0,-63.0,23.0,0.0
25-03-2020,26.4,jaipur,Rajasthan,3046163,IN019131301,India,-74.0,-65.0,-72.0,-66.0,25.0,0.0
26-03-2020,23.2,jaipur,Rajasthan,3046163,IN019131301,India,-74.0,-65.0,-72.0,-65.0,25.0,0.0
27-03-2020,21.6,jaipur,Rajasthan,3046163,IN019131301,India,-74.0,-65.0,-72.0,-64.0,25.0,1.0
28-03-2020,24.3,jaipur,Rajasthan,3046163,IN019131301,India,-74.0,-65.0,-72.0,-63.0,25.0,1.0
29-03-2020,25.9,jaipur,Rajasthan,3046163,IN019131301,India,-74.0,-66.0,-72.0,-48.0,20.0,0.0
30-03-2020,27.1,jaipur,Rajasthan,3046163,IN019131301,India,-73.0,-64.0,-72.0,-63.0,24.0,0.0
31-03-2020,27.8,jaipur,Rajasthan,3046163,IN019131301,India,-73.0,-63.0,-72.0,-62.0,23.0,10.0
01-04-2020,27.7,jaipur,Rajasthan,3046163,IN019131301,India,-73.0,-64.0,-72.0,-63.0,24.0,1.0
02-04-2020,27.7,jaipur,Rajasthan,3046163,IN019131301,India,-74.0,-65.0,-73.0,-65.0,25.0,13.0
03-04-2020,27.3,jaipur,Rajasthan,3046163,IN019131301,India,-74.0,-64.0,-72.0,-61.0,24.0,7.0
04-04-2020,27.4,jaipur,Rajasthan,3046163,IN019131301,India,-74.0,-64.0,-72.0,-59.0,24.0,14.0
05-04-2020,29.4,jaipur,Rajasthan,3046163,IN019131301,India,-74.0,-66.0,-73.0,-44.0,19.0,0.0
06-04-2020,30.8,jaipur,Rajasthan,3046163,IN019131301,India,-74.0,-64.0,-73.0,-64.0,25.0,39.0
07-04-2020,29.2,jaipur,Rajasthan,3046163,IN019131301,India,-74.0,-51.0,-67.0,-62.0,23.0,8.0
08-04-2020,29.4,jaipur,Rajasthan,3046163,IN019131301,India,-74.0,-51.0,-68.0,-61.0,24.0,6.0
09-04-2020,29.2,jaipur,Rajasthan,3046163,IN019131301,India,-75.0,-52.0,-68.0,-62.0,26.0,23.0
10-04-2020,31.2,jaipur,Rajasthan,3046163,IN019131301,India,-75.0,-51.0,-69.0,-62.0,26.0,39.0
11-04-2020,32.4,jaipur,Rajasthan,3046163,IN019131301,India,-75.0,-52.0,-69.0,-61.0,26.0,53.0
12-04-2020,31.7,jaipur,Rajasthan,3046163,IN019131301,India,-76.0,-54.0,-70.0,-45.0,21.0,80.0
13-04-2020,34.0,jaipur,Rajasthan,3046163,IN019131301,India,-75.0,-53.0,-69.0,-61.0,26.0,40.0
14-04-2020,34.0,jaipur,Rajasthan,3046163,IN019131301,India,-74.0,-51.0,-67.0,-62.0,25.0,29.0
15-04-2020,33.8,jaipur,Rajasthan,3046163,IN019131301,India,-74.0,-46.0,-66.0,-58.0,25.0,83.0
16-04-2020,34.6,jaipur,Rajasthan,3046163,IN019131301,India,-83.0,-35.0,-65.0,-60.0,26.0,30.0
17-04-2020,33.3,jaipur,Rajasthan,3046163,IN019131301,India,-83.0,-35.0,-66.0,-59.0,26.0,3.0
18-04-2020,32.2,jaipur,Rajasthan,3046163,IN019131301,India,-83.0,-40.0,-67.0,-57.0,25.0,8.0
19-04-2020,31.7,jaipur,Rajasthan,3046163,IN019131301,India,-84.0,-44.0,-68.0,-43.0,21.0,25.0
20-04-2020,25.5,jaipur,Rajasthan,3046163,IN019131301,India,-83.0,-41.0,-66.0,-58.0,25.0,0.0
21-04-2020,29.5,jaipur,Rajasthan,3046163,IN019131301,India,-82.0,-37.0,-64.0,-57.0,24.0,50.0
22-04-2020,32.0,jaipur,Rajasthan,3046163,IN019131301,India,-83.0,-38.0,-65.0,-57.0,24.0,72.0
23-04-2020,27.1,jaipur,Rajasthan,3046163,IN019131301,India,-83.0,-40.0,-66.0,-58.0,26.0,68.0
24-04-2020,30.4,jaipur,Rajasthan,3046163,IN019131301,India,-83.0,-37.0,-66.0,-56.0,25.0,15.0
25-04-2020,30.7,jaipur,Rajasthan,3046163,IN019131301,India,-83.0,-39.0,-67.0,-56.0,26.0,36.0
26-04-2020,28.8,jaipur,Rajasthan,3046163,IN019131301,India,-83.0,-43.0,-67.0,-40.0,21.0,15.0
27-04-2020,30.1,jaipur,Rajasthan,3046163,IN019131301,India,-82.0,-38.0,-65.0,-56.0,25.0,0.0
28-04-2020,31.0,jaipur,Rajasthan,3046163,IN019131301,India,-82.0,-35.0,-63.0,-55.0,23.0,53.0
29-04-2020,31.9,jaipur,Rajasthan,3046163,IN019131301,India,-81.0,-33.0,-62.0,-54.0,24.0,55.0
30-04-2020,32.9,jaipur,Rajasthan,3046163,IN019131301,India,-81.0,-34.0,-62.0,-54.0,24.0,35.0
30-04-2020,32.9,jaipur,Rajasthan,3046163,IN019131301,India,-81.0,-34.0,-62.0,-54.0,24.0,0.0
01-05-2020,34.9,jaipur,Rajasthan,3046163,IN019131301,India,-82.0,-34.0,-63.0,-54.0,24.0,66.0
02-05-2020,36.2,jaipur,Rajasthan,3046163,IN019131301,India,-81.0,-32.0,-62.0,-51.0,24.0,52.0
03-05-2020,29.2,jaipur,Rajasthan,3046163,IN019131301,India,-82.0,-37.0,-64.0,-36.0,19.0,49.0
04-05-2020,28.2,jaipur,Rajasthan,3046163,IN019131301,India,-78.0,-28.0,-58.0,-48.0,21.0,72.0
05-05-2020,31.2,jaipur,Rajasthan,3046163,IN019131301,India,-78.0,-24.0,-56.0,-47.0,20.0,79.0
06-05-2020,27.7,jaipur,Rajasthan,3046163,IN019131301,India,-77.0,-22.0,-55.0,-45.0,21.0,31.0
07-05-2020,31.5,jaipur,Rajasthan,3046163,IN019131301,India,-77.0,-22.0,-55.0,-46.0,21.0,202.0
08-05-2020,34.7,jaipur,Rajasthan,3046163,IN019131301,India,-77.0,-21.0,-56.0,-44.0,21.0,96.0
09-05-2020,36.0,jaipur,Rajasthan,3046163,IN019131301,India,-79.0,-25.0,-58.0,-46.0,22.0,78.0
09-05-2020,36.0,jaipur,Rajasthan,3046163,IN019131301,India,-79.0,-25.0,-58.0,-46.0,22.0,0.0
10-05-2020,33.0,jaipur,Rajasthan,3046163,IN019131301,India,-79.0,-30.0,-60.0,-30.0,17.0,0.0
11-05-2020,31.3,jaipur,Rajasthan,3046163,IN019131301,India,-77.0,-23.0,-56.0,-44.0,21.0,24.0
12-05-2020,30.7,jaipur,Rajasthan,3046163,IN019131301,India,-77.0,-20.0,-54.0,-44.0,20.0,51.0
13-05-2020,32.0,jaipur,Rajasthan,3046163,IN019131301,India,-76.0,-19.0,-53.0,-42.0,19.0,68.0
02-03-2020,22.3,kanpur,Uttar Pradesh,2765348,IN023351400,India,4.0,8.0,6.0,2.0,-1.0,0.0
03-03-2020,22.9,kanpur,Uttar Pradesh,2765348,IN023351400,India,3.0,8.0,7.0,3.0,-1.0,0.0
04-03-2020,21.6,kanpur,Uttar Pradesh,2765348,IN023351400,India,1.0,8.0,4.0,4.0,0.0,0.0
05-03-2020,20.4,kanpur,Uttar Pradesh,2765348,IN023351400,India,1.0,8.0,7.0,5.0,-1.0,0.0
06-03-2020,19.9,kanpur,Uttar Pradesh,2765348,IN023351400,India,-3.0,0.0,8.0,1.0,1.0,0.0
07-03-2020,19.4,kanpur,Uttar Pradesh,2765348,IN023351400,India,8.0,14.0,18.0,4.0,-2.0,0.0
08-03-2020,19.0,kanpur,Uttar Pradesh,2765348,IN023351400,India,11.0,21.0,18.0,6.0,-2.0,0.0
09-03-2020,19.2,kanpur,Uttar Pradesh,2765348,IN023351400,India,7.0,21.0,0.0,-27.0,4.0,0.0
10-03-2020,17.7,kanpur,Uttar Pradesh,2765348,IN023351400,India,-40.0,-44.0,-41.0,-65.0,15.0,0.0
11-03-2020,20.0,kanpur,Uttar Pradesh,2765348,IN023351400,India,-8.0,-6.0,-2.0,-30.0,2.0,0.0
12-03-2020,24.2,kanpur,Uttar Pradesh,2765348,IN023351400,India,2.0,4.0,11.0,-6.0,-2.0,0.0
13-03-2020,19.1,kanpur,Uttar Pradesh,2765348,IN023351400,India,-5.0,-2.0,3.0,-3.0,0.0,0.0
14-03-2020,19.3,kanpur,Uttar Pradesh,2765348,IN023351400,India,-5.0,-1.0,-2.0,-9.0,2.0,0.0
15-03-2020,20.9,kanpur,Uttar Pradesh,2765348,IN023351400,India,-7.0,1.0,2.0,1.0,1.0,0.0
16-03-2020,19.9,kanpur,Uttar Pradesh,2765348,IN023351400,India,-2.0,6.0,4.0,-4.0,1.0,0.0
17-03-2020,21.1,kanpur,Uttar Pradesh,2765348,IN023351400,India,-3.0,4.0,-1.0,-6.0,1.0,0.0
18-03-2020,22.2,kanpur,Uttar Pradesh,2765348,IN023351400,India,-7.0,4.0,-5.0,-6.0,2.0,0.0
19-03-2020,22.8,kanpur,Uttar Pradesh,2765348,IN023351400,India,-9.0,5.0,-8.0,-7.0,2.0,0.0
20-03-2020,24.7,kanpur,Uttar Pradesh,2765348,IN023351400,India,-14.0,3.0,-13.0,-11.0,3.0,0.0
21-03-2020,23.4,kanpur,Uttar Pradesh,2765348,IN023351400,India,-27.0,-5.0,-24.0,-17.0,6.0,0.0
22-03-2020,24.3,kanpur,Uttar Pradesh,2765348,IN023351400,India,-73.0,-71.0,-68.0,-47.0,18.0,0.0
23-03-2020,24.7,kanpur,Uttar Pradesh,2765348,IN023351400,India,-50.0,-33.0,-58.0,-49.0,18.0,0.0
24-03-2020,25.7,kanpur,Uttar Pradesh,2765348,IN023351400,India,-57.0,-41.0,-65.0,-57.0,20.0,1.0
25-03-2020,26.9,kanpur,Uttar Pradesh,2765348,IN023351400,India,-71.0,-63.0,-76.0,-65.0,25.0,0.0
26-03-2020,26.8,kanpur,Uttar Pradesh,2765348,IN023351400,India,-70.0,-61.0,-75.0,-63.0,24.0,0.0
27-03-2020,21.3,kanpur,Uttar Pradesh,2765348,IN023351400,India,-71.0,-63.0,-75.0,-63.0,25.0,0.0
28-03-2020,23.9,kanpur,Uttar Pradesh,2765348,IN023351400,India,-70.0,-62.0,-73.0,-60.0,24.0,0.0
29-03-2020,24.4,kanpur,Uttar Pradesh,2765348,IN023351400,India,-70.0,-62.0,-72.0,-42.0,18.0,0.0
30-03-2020,24.9,kanpur,Uttar Pradesh,2765348,IN023351400,India,-69.0,-60.0,-75.0,-61.0,24.0,0.0
31-03-2020,25.8,kanpur,Uttar Pradesh,2765348,IN023351400,India,-68.0,-60.0,-75.0,-61.0,23.0,0.0
01-04-2020,28.4,kanpur,Uttar Pradesh,2765348,IN023351400,India,-70.0,-62.0,-76.0,-62.0,24.0,0.0
02-04-2020,26.9,kanpur,Uttar Pradesh,2765348,IN023351400,India,-70.0,-62.0,-76.0,-61.0,24.0,0.0
03-04-2020,24.9,kanpur,Uttar Pradesh,2765348,IN023351400,India,-69.0,-60.0,-75.0,-59.0,23.0,0.0
04-04-2020,25.0,kanpur,Uttar Pradesh,2765348,IN023351400,India,-70.0,-61.0,-76.0,-55.0,23.0,6.0
05-04-2020,27.5,kanpur,Uttar Pradesh,2765348,IN023351400,India,-70.0,-62.0,-74.0,-38.0,17.0,0.0
06-04-2020,29.3,kanpur,Uttar Pradesh,2765348,IN023351400,India,-69.0,-58.0,-76.0,-60.0,24.0,0.0
07-04-2020,29.3,kanpur,Uttar Pradesh,2765348,IN023351400,India,-69.0,-46.0,-72.0,-60.0,23.0,1.0
08-04-2020,29.3,kanpur,Uttar Pradesh,2765348,IN023351400,India,-68.0,-39.0,-71.0,-61.0,24.0,0.0
09-04-2020,27.8,kanpur,Uttar Pradesh,2765348,IN023351400,India,-72.0,-51.0,-74.0,-62.0,26.0,0.0
10-04-2020,27.8,kanpur,Uttar Pradesh,2765348,IN023351400,India,-72.0,-50.0,-74.0,-62.0,26.0,1.0
11-04-2020,29.4,kanpur,Uttar Pradesh,2765348,IN023351400,India,-72.0,-51.0,-74.0,-59.0,25.0,0.0
12-04-2020,29.4,kanpur,Uttar Pradesh,2765348,IN023351400,India,-72.0,-51.0,-73.0,-41.0,19.0,0.0
13-04-2020,30.3,kanpur,Uttar Pradesh,2765348,IN023351400,India,-71.0,-47.0,-73.0,-59.0,26.0,0.0
14-04-2020,31.1,kanpur,Uttar Pradesh,2765348,IN023351400,India,-70.0,-47.0,-72.0,-61.0,24.0,0.0
15-04-2020,30.1,kanpur,Uttar Pradesh,2765348,IN023351400,India,-70.0,-42.0,-71.0,-58.0,24.0,1.0
16-04-2020,29.9,kanpur,Uttar Pradesh,2765348,IN023351400,India,-81.0,-32.0,-70.0,-58.0,24.0,8.0
17-04-2020,30.8,kanpur,Uttar Pradesh,2765348,IN023351400,India,-82.0,-32.0,-71.0,-58.0,25.0,4.0
18-04-2020,30.6,kanpur,Uttar Pradesh,2765348,IN023351400,India,-83.0,-39.0,-72.0,-55.0,24.0,7.0
19-04-2020,31.0,kanpur,Uttar Pradesh,2765348,IN023351400,India,-84.0,-40.0,-71.0,-39.0,18.0,1.0
20-04-2020,28.7,kanpur,Uttar Pradesh,2765348,IN023351400,India,-83.0,-36.0,-71.0,-57.0,25.0,0.0
21-04-2020,27.9,kanpur,Uttar Pradesh,2765348,IN023351400,India,-82.0,-35.0,-71.0,-58.0,24.0,0.0
22-04-2020,28.1,kanpur,Uttar Pradesh,2765348,IN023351400,India,-83.0,-36.0,-71.0,-58.0,25.0,0.0
23-04-2020,27.3,kanpur,Uttar Pradesh,2765348,IN023351400,India,-83.0,-36.0,-71.0,-58.0,25.0,0.0
24-04-2020,29.2,kanpur,Uttar Pradesh,2765348,IN023351400,India,-83.0,-35.0,-71.0,-57.0,25.0,0.0
25-04-2020,28.3,kanpur,Uttar Pradesh,2765348,IN023351400,India,-84.0,-39.0,-72.0,-55.0,25.0,0.0
26-04-2020,25.3,kanpur,Uttar Pradesh,2765348,IN023351400,India,-84.0,-42.0,-72.0,-39.0,20.0,0.0
27-04-2020,26.5,kanpur,Uttar Pradesh,2765348,IN023351400,India,-83.0,-37.0,-72.0,-57.0,26.0,0.0
28-04-2020,27.6,kanpur,Uttar Pradesh,2765348,IN023351400,India,-82.0,-34.0,-70.0,-57.0,24.0,0.0
29-04-2020,28.1,kanpur,Uttar Pradesh,2765348,IN023351400,India,-82.0,-35.0,-70.0,-57.0,25.0,0.0
30-04-2020,29.7,kanpur,Uttar Pradesh,2765348,IN023351400,India,-82.0,-36.0,-70.0,-56.0,25.0,0.0
30-04-2020,29.7,kanpur,Uttar Pradesh,2765348,IN023351400,India,-82.0,-36.0,-70.0,-56.0,25.0,0.0
01-05-2020,25.8,kanpur,Uttar Pradesh,2765348,IN023351400,India,-83.0,-37.0,-70.0,-56.0,24.0,0.0
02-05-2020,28.4,kanpur,Uttar Pradesh,2765348,IN023351400,India,-82.0,-36.0,-70.0,-51.0,23.0,0.0
03-05-2020,29.9,kanpur,Uttar Pradesh,2765348,IN023351400,India,-83.0,-38.0,-69.0,-36.0,18.0,0.0
04-05-2020,28.9,kanpur,Uttar Pradesh,2765348,IN023351400,India,-79.0,-27.0,-67.0,-51.0,23.0,0.0
05-05-2020,24.2,kanpur,Uttar Pradesh,2765348,IN023351400,India,-79.0,-27.0,-66.0,-51.0,22.0,0.0
06-05-2020,26.9,kanpur,Uttar Pradesh,2765348,IN023351400,India,-78.0,-23.0,-64.0,-49.0,21.0,0.0
07-05-2020,26.8,kanpur,Uttar Pradesh,2765348,IN023351400,India,-78.0,-24.0,-63.0,-52.0,22.0,0.0
08-05-2020,29.8,kanpur,Uttar Pradesh,2765348,IN023351400,India,-76.0,-20.0,-61.0,-46.0,21.0,0.0
09-05-2020,30.3,kanpur,Uttar Pradesh,2765348,IN023351400,India,-78.0,-24.0,-64.0,-46.0,21.0,0.0
09-05-2020,30.3,kanpur,Uttar Pradesh,2765348,IN023351400,India,-78.0,-24.0,-64.0,-46.0,21.0,0.0
10-05-2020,27.6,kanpur,Uttar Pradesh,2765348,IN023351400,India,-79.0,-29.0,-63.0,-29.0,16.0,0.0
11-05-2020,28.2,kanpur,Uttar Pradesh,2765348,IN023351400,India,-76.0,-20.0,-61.0,-45.0,20.0,0.0
12-05-2020,30.1,kanpur,Uttar Pradesh,2765348,IN023351400,India,-75.0,-18.0,-60.0,-46.0,20.0,0.0
13-05-2020,29.8,kanpur,Uttar Pradesh,2765348,IN023351400,India,-75.0,-18.0,-59.0,-45.0,20.0,0.0
02-03-2020,25.7,nagpur,Maharashtra,2405665,IN012141800,India,-2.0,1.0,0.0,4.0,1.0,0.0
03-03-2020,25.6,nagpur,Maharashtra,2405665,IN012141800,India,-1.0,1.0,-1.0,3.0,1.0,0.0
04-03-2020,25.8,nagpur,Maharashtra,2405665,IN012141800,India,0.0,3.0,2.0,6.0,0.0,0.0
05-03-2020,24.5,nagpur,Maharashtra,2405665,IN012141800,India,-1.0,3.0,0.0,4.0,1.0,0.0
06-03-2020,24.8,nagpur,Maharashtra,2405665,IN012141800,India,0.0,4.0,1.0,5.0,1.0,0.0
07-03-2020,25.0,nagpur,Maharashtra,2405665,IN012141800,India,-2.0,5.0,3.0,4.0,1.0,0.0
08-03-2020,25.6,nagpur,Maharashtra,2405665,IN012141800,India,1.0,4.0,-2.0,6.0,1.0,0.0
09-03-2020,25.4,nagpur,Maharashtra,2405665,IN012141800,India,-1.0,6.0,-4.0,-4.0,2.0,0.0
10-03-2020,24.7,nagpur,Maharashtra,2405665,IN012141800,India,-17.0,-21.0,-32.0,-60.0,18.0,0.0
11-03-2020,25.2,nagpur,Maharashtra,2405665,IN012141800,India,-5.0,0.0,0.0,0.0,0.0,0.0
12-03-2020,26.8,nagpur,Maharashtra,2405665,IN012141800,India,-6.0,1.0,-3.0,-1.0,1.0,1.0
13-03-2020,26.2,nagpur,Maharashtra,2405665,IN012141800,India,-9.0,1.0,-7.0,-2.0,3.0,0.0
14-03-2020,24.2,nagpur,Maharashtra,2405665,IN012141800,India,-14.0,3.0,-9.0,-5.0,5.0,2.0
15-03-2020,25.9,nagpur,Maharashtra,2405665,IN012141800,India,-17.0,-1.0,-11.0,1.0,4.0,1.0
16-03-2020,26.5,nagpur,Maharashtra,2405665,IN012141800,India,-12.0,1.0,-10.0,-8.0,5.0,0.0
17-03-2020,26.8,nagpur,Maharashtra,2405665,IN012141800,India,-18.0,0.0,-15.0,-14.0,7.0,0.0
18-03-2020,24.5,nagpur,Maharashtra,2405665,IN012141800,India,-22.0,-5.0,-19.0,-18.0,8.0,0.0
19-03-2020,26.8,nagpur,Maharashtra,2405665,IN012141800,India,-28.0,-8.0,-26.0,-24.0,10.0,0.0
20-03-2020,26.2,nagpur,Maharashtra,2405665,IN012141800,India,-41.0,-12.0,-33.0,-31.0,14.0,0.0
21-03-2020,26.0,nagpur,Maharashtra,2405665,IN012141800,India,-60.0,-26.0,-45.0,-43.0,17.0,0.0
22-03-2020,26.8,nagpur,Maharashtra,2405665,IN012141800,India,-86.0,-84.0,-78.0,-62.0,26.0,0.0
23-03-2020,27.6,nagpur,Maharashtra,2405665,IN012141800,India,-69.0,-39.0,-69.0,-69.0,29.0,0.0
24-03-2020,27.6,nagpur,Maharashtra,2405665,IN012141800,India,-76.0,-50.0,-76.0,-77.0,34.0,0.0
25-03-2020,27.2,nagpur,Maharashtra,2405665,IN012141800,India,-82.0,-67.0,-81.0,-81.0,37.0,0.0
26-03-2020,24.9,nagpur,Maharashtra,2405665,IN012141800,India,-80.0,-63.0,-79.0,-78.0,36.0,0.0
27-03-2020,28.8,nagpur,Maharashtra,2405665,IN012141800,India,-80.0,-62.0,-79.0,-77.0,36.0,1.0
28-03-2020,28.1,nagpur,Maharashtra,2405665,IN012141800,India,-82.0,-66.0,-79.0,-74.0,34.0,4.0
29-03-2020,27.1,nagpur,Maharashtra,2405665,IN012141800,India,-82.0,-68.0,-77.0,-57.0,25.0,2.0
30-03-2020,26.6,nagpur,Maharashtra,2405665,IN012141800,India,-79.0,-63.0,-79.0,-76.0,35.0,3.0
31-03-2020,29.3,nagpur,Maharashtra,2405665,IN012141800,India,-80.0,-64.0,-80.0,-76.0,35.0,2.0
01-04-2020,29.7,nagpur,Maharashtra,2405665,IN012141800,India,-80.0,-65.0,-80.0,-77.0,35.0,0.0
02-04-2020,30.3,nagpur,Maharashtra,2405665,IN012141800,India,-81.0,-66.0,-81.0,-79.0,37.0,0.0
03-04-2020,29.3,nagpur,Maharashtra,2405665,IN012141800,India,-80.0,-64.0,-80.0,-76.0,36.0,0.0
04-04-2020,28.1,nagpur,Maharashtra,2405665,IN012141800,India,-82.0,-66.0,-79.0,-71.0,34.0,0.0
05-04-2020,29.1,nagpur,Maharashtra,2405665,IN012141800,India,-82.0,-68.0,-78.0,-55.0,25.0,1.0
06-04-2020,30.2,nagpur,Maharashtra,2405665,IN012141800,India,-80.0,-64.0,-80.0,-78.0,36.0,0.0
07-04-2020,30.4,nagpur,Maharashtra,2405665,IN012141800,India,-82.0,-54.0,-76.0,-76.0,35.0,0.0
08-04-2020,31.6,nagpur,Maharashtra,2405665,IN012141800,India,-83.0,-57.0,-76.0,-76.0,35.0,2.0
09-04-2020,30.2,nagpur,Maharashtra,2405665,IN012141800,India,-83.0,-55.0,-77.0,-77.0,37.0,0.0
10-04-2020,30.4,nagpur,Maharashtra,2405665,IN012141800,India,-83.0,-56.0,-78.0,-79.0,39.0,0.0
11-04-2020,30.9,nagpur,Maharashtra,2405665,IN012141800,India,-85.0,-60.0,-77.0,-73.0,36.0,6.0
12-04-2020,32.7,nagpur,Maharashtra,2405665,IN012141800,India,-85.0,-63.0,-75.0,-56.0,25.0,0.0
13-04-2020,32.4,nagpur,Maharashtra,2405665,IN012141800,India,-82.0,-57.0,-77.0,-75.0,37.0,17.0
14-04-2020,32.1,nagpur,Maharashtra,2405665,IN012141800,India,-83.0,-59.0,-78.0,-78.0,37.0,3.0
15-04-2020,32.3,nagpur,Maharashtra,2405665,IN012141800,India,-82.0,-53.0,-75.0,-74.0,35.0,9.0
16-04-2020,32.1,nagpur,Maharashtra,2405665,IN012141800,India,-87.0,-49.0,-75.0,-75.0,36.0,1.0
17-04-2020,34.0,nagpur,Maharashtra,2405665,IN012141800,India,-87.0,-49.0,-75.0,-74.0,37.0,3.0
18-04-2020,33.1,nagpur,Maharashtra,2405665,IN012141800,India,-89.0,-56.0,-75.0,-69.0,34.0,1.0
19-04-2020,29.6,nagpur,Maharashtra,2405665,IN012141800,India,-89.0,-58.0,-73.0,-53.0,25.0,4.0
20-04-2020,32.7,nagpur,Maharashtra,2405665,IN012141800,India,-87.0,-52.0,-75.0,-73.0,36.0,0.0
21-04-2020,33.4,nagpur,Maharashtra,2405665,IN012141800,India,-87.0,-52.0,-75.0,-74.0,36.0,7.0
22-04-2020,32.3,nagpur,Maharashtra,2405665,IN012141800,India,-87.0,-53.0,-75.0,-74.0,36.0,10.0
23-04-2020,32.6,nagpur,Maharashtra,2405665,IN012141800,India,-88.0,-54.0,-76.0,-74.0,37.0,10.0
24-04-2020,33.2,nagpur,Maharashtra,2405665,IN012141800,India,-87.0,-51.0,-76.0,-74.0,37.0,0.0
25-04-2020,33.6,nagpur,Maharashtra,2405665,IN012141800,India,-89.0,-54.0,-75.0,-70.0,35.0,1.0
26-04-2020,32.8,nagpur,Maharashtra,2405665,IN012141800,India,-89.0,-59.0,-74.0,-53.0,26.0,6.0
27-04-2020,28.6,nagpur,Maharashtra,2405665,IN012141800,India,-87.0,-53.0,-76.0,-73.0,37.0,0.0
28-04-2020,26.8,nagpur,Maharashtra,2405665,IN012141800,India,-87.0,-52.0,-75.0,-74.0,36.0,20.0
29-04-2020,30.0,nagpur,Maharashtra,2405665,IN012141800,India,-87.0,-52.0,-74.0,-73.0,36.0,8.0
30-04-2020,30.4,nagpur,Maharashtra,2405665,IN012141800,India,-87.0,-52.0,-75.0,-73.0,36.0,18.0
30-04-2020,30.4,nagpur,Maharashtra,2405665,IN012141800,India,-87.0,-52.0,-75.0,-73.0,36.0,0.0
01-05-2020,30.4,nagpur,Maharashtra,2405665,IN012141800,India,-87.0,-53.0,-76.0,-77.0,38.0,4.0
02-05-2020,33.1,nagpur,Maharashtra,2405665,IN012141800,India,-88.0,-54.0,-74.0,-67.0,34.0,0.0
03-05-2020,34.2,nagpur,Maharashtra,2405665,IN012141800,India,-88.0,-57.0,-72.0,-50.0,25.0,7.0
04-05-2020,35.1,nagpur,Maharashtra,2405665,IN012141800,India,-84.0,-44.0,-71.0,-70.0,34.0,9.0
05-05-2020,34.4,nagpur,Maharashtra,2405665,IN012141800,India,-84.0,-44.0,-70.0,-70.0,34.0,32.0
06-05-2020,32.9,nagpur,Maharashtra,2405665,IN012141800,India,-83.0,-41.0,-68.0,-68.0,33.0,13.0
07-05-2020,31.5,nagpur,Maharashtra,2405665,IN012141800,India,-83.0,-43.0,-70.0,-71.0,34.0,8.0
08-05-2020,32.4,nagpur,Maharashtra,2405665,IN012141800,India,-82.0,-37.0,-68.0,-67.0,34.0,24.0
09-05-2020,33.3,nagpur,Maharashtra,2405665,IN012141800,India,-85.0,-44.0,-68.0,-64.0,32.0,6.0
09-05-2020,33.3,nagpur,Maharashtra,2405665,IN012141800,India,-85.0,-44.0,-68.0,-64.0,32.0,0.0
10-05-2020,30.9,nagpur,Maharashtra,2405665,IN012141800,India,-85.0,-50.0,-67.0,-44.0,23.0,0.0
11-05-2020,32.3,nagpur,Maharashtra,2405665,IN012141800,India,-82.0,-41.0,-68.0,-67.0,33.0,30.0
12-05-2020,32.9,nagpur,Maharashtra,2405665,IN012141800,India,-82.0,-40.0,-68.0,-67.0,33.0,13.0
13-05-2020,30.9,nagpur,Maharashtra,2405665,IN012141800,India,-82.0,-40.0,-66.0,-66.0,32.0,13.0
02-03-2020,22.3,lucknow,Uttar Pradesh,2317105,IN023351400,India,4.0,8.0,6.0,2.0,-1.0,0.0
03-03-2020,22.9,lucknow,Uttar Pradesh,2317105,IN023351400,India,3.0,8.0,7.0,3.0,-1.0,0.0
04-03-2020,21.6,lucknow,Uttar Pradesh,2317105,IN023351400,India,1.0,8.0,4.0,4.0,0.0,0.0
05-03-2020,20.4,lucknow,Uttar Pradesh,2317105,IN023351400,India,1.0,8.0,7.0,5.0,-1.0,0.0
06-03-2020,19.9,lucknow,Uttar Pradesh,2317105,IN023351400,India,-3.0,0.0,8.0,1.0,1.0,0.0
07-03-2020,19.4,lucknow,Uttar Pradesh,2317105,IN023351400,India,8.0,14.0,18.0,4.0,-2.0,0.0
08-03-2020,19.0,lucknow,Uttar Pradesh,2317105,IN023351400,India,11.0,21.0,18.0,6.0,-2.0,0.0
09-03-2020,19.2,lucknow,Uttar Pradesh,2317105,IN023351400,India,7.0,21.0,0.0,-27.0,4.0,0.0
10-03-2020,17.7,lucknow,Uttar Pradesh,2317105,IN023351400,India,-40.0,-44.0,-41.0,-65.0,15.0,0.0
11-03-2020,20.0,lucknow,Uttar Pradesh,2317105,IN023351400,India,-8.0,-6.0,-2.0,-30.0,2.0,0.0
12-03-2020,24.2,lucknow,Uttar Pradesh,2317105,IN023351400,India,2.0,4.0,11.0,-6.0,-2.0,0.0
13-03-2020,19.1,lucknow,Uttar Pradesh,2317105,IN023351400,India,-5.0,-2.0,3.0,-3.0,0.0,1.0
14-03-2020,19.3,lucknow,Uttar Pradesh,2317105,IN023351400,India,-5.0,-1.0,-2.0,-9.0,2.0,0.0
15-03-2020,20.9,lucknow,Uttar Pradesh,2317105,IN023351400,India,-7.0,1.0,2.0,1.0,1.0,0.0
16-03-2020,19.9,lucknow,Uttar Pradesh,2317105,IN023351400,India,-2.0,6.0,4.0,-4.0,1.0,0.0
17-03-2020,21.1,lucknow,Uttar Pradesh,2317105,IN023351400,India,-3.0,4.0,-1.0,-6.0,1.0,0.0
18-03-2020,22.2,lucknow,Uttar Pradesh,2317105,IN023351400,India,-7.0,4.0,-5.0,-6.0,2.0,0.0
19-03-2020,22.8,lucknow,Uttar Pradesh,2317105,IN023351400,India,-9.0,5.0,-8.0,-7.0,2.0,1.0
20-03-2020,24.7,lucknow,Uttar Pradesh,2317105,IN023351400,India,-14.0,3.0,-13.0,-11.0,3.0,1.0
21-03-2020,23.4,lucknow,Uttar Pradesh,2317105,IN023351400,India,-27.0,-5.0,-24.0,-17.0,6.0,4.0
22-03-2020,24.3,lucknow,Uttar Pradesh,2317105,IN023351400,India,-73.0,-71.0,-68.0,-47.0,18.0,0.0
23-03-2020,24.7,lucknow,Uttar Pradesh,2317105,IN023351400,India,-50.0,-33.0,-58.0,-49.0,18.0,0.0
24-03-2020,25.7,lucknow,Uttar Pradesh,2317105,IN023351400,India,-57.0,-41.0,-65.0,-57.0,20.0,0.0
25-03-2020,26.9,lucknow,Uttar Pradesh,2317105,IN023351400,India,-71.0,-63.0,-76.0,-65.0,25.0,0.0
26-03-2020,26.8,lucknow,Uttar Pradesh,2317105,IN023351400,India,-70.0,-61.0,-75.0,-63.0,24.0,0.0
27-03-2020,21.3,lucknow,Uttar Pradesh,2317105,IN023351400,India,-71.0,-63.0,-75.0,-63.0,25.0,0.0
28-03-2020,23.9,lucknow,Uttar Pradesh,2317105,IN023351400,India,-70.0,-62.0,-73.0,-60.0,24.0,1.0
29-03-2020,24.4,lucknow,Uttar Pradesh,2317105,IN023351400,India,-70.0,-62.0,-72.0,-42.0,18.0,0.0
30-03-2020,24.9,lucknow,Uttar Pradesh,2317105,IN023351400,India,-69.0,-60.0,-75.0,-61.0,24.0,0.0
31-03-2020,25.8,lucknow,Uttar Pradesh,2317105,IN023351400,India,-68.0,-60.0,-75.0,-61.0,23.0,1.0
01-04-2020,28.4,lucknow,Uttar Pradesh,2317105,IN023351400,India,-70.0,-62.0,-76.0,-62.0,24.0,0.0
02-04-2020,26.9,lucknow,Uttar Pradesh,2317105,IN023351400,India,-70.0,-62.0,-76.0,-61.0,24.0,1.0
03-04-2020,24.9,lucknow,Uttar Pradesh,2317105,IN023351400,India,-69.0,-60.0,-75.0,-59.0,23.0,0.0
04-04-2020,25.0,lucknow,Uttar Pradesh,2317105,IN023351400,India,-70.0,-61.0,-76.0,-55.0,23.0,0.0
05-04-2020,27.5,lucknow,Uttar Pradesh,2317105,IN023351400,India,-70.0,-62.0,-74.0,-38.0,17.0,0.0
06-04-2020,29.3,lucknow,Uttar Pradesh,2317105,IN023351400,India,-69.0,-58.0,-76.0,-60.0,24.0,7.0
07-04-2020,29.3,lucknow,Uttar Pradesh,2317105,IN023351400,India,-69.0,-46.0,-72.0,-60.0,23.0,5.0
08-04-2020,29.3,lucknow,Uttar Pradesh,2317105,IN023351400,India,-68.0,-39.0,-71.0,-61.0,24.0,2.0
09-04-2020,27.8,lucknow,Uttar Pradesh,2317105,IN023351400,India,-72.0,-51.0,-74.0,-62.0,26.0,5.0
10-04-2020,27.8,lucknow,Uttar Pradesh,2317105,IN023351400,India,-72.0,-50.0,-74.0,-62.0,26.0,0.0
11-04-2020,29.4,lucknow,Uttar Pradesh,2317105,IN023351400,India,-72.0,-51.0,-74.0,-59.0,25.0,0.0
12-04-2020,29.4,lucknow,Uttar Pradesh,2317105,IN023351400,India,-72.0,-51.0,-73.0,-41.0,19.0,3.0
13-04-2020,30.3,lucknow,Uttar Pradesh,2317105,IN023351400,India,-71.0,-47.0,-73.0,-59.0,26.0,0.0
14-04-2020,31.1,lucknow,Uttar Pradesh,2317105,IN023351400,India,-70.0,-47.0,-72.0,-61.0,24.0,4.0
15-04-2020,30.1,lucknow,Uttar Pradesh,2317105,IN023351400,India,-70.0,-42.0,-71.0,-58.0,24.0,8.0
16-04-2020,29.9,lucknow,Uttar Pradesh,2317105,IN023351400,India,-81.0,-32.0,-70.0,-58.0,24.0,31.0
17-04-2020,30.8,lucknow,Uttar Pradesh,2317105,IN023351400,India,-82.0,-32.0,-71.0,-58.0,25.0,22.0
18-04-2020,30.6,lucknow,Uttar Pradesh,2317105,IN023351400,India,-83.0,-39.0,-72.0,-55.0,24.0,7.0
19-04-2020,31.0,lucknow,Uttar Pradesh,2317105,IN023351400,India,-84.0,-40.0,-71.0,-39.0,18.0,59.0
20-04-2020,28.7,lucknow,Uttar Pradesh,2317105,IN023351400,India,-83.0,-36.0,-71.0,-57.0,25.0,0.0
21-04-2020,27.9,lucknow,Uttar Pradesh,2317105,IN023351400,India,-82.0,-35.0,-71.0,-58.0,24.0,2.0
22-04-2020,28.1,lucknow,Uttar Pradesh,2317105,IN023351400,India,-83.0,-36.0,-71.0,-58.0,25.0,2.0
23-04-2020,27.3,lucknow,Uttar Pradesh,2317105,IN023351400,India,-83.0,-36.0,-71.0,-58.0,25.0,1.0
24-04-2020,29.2,lucknow,Uttar Pradesh,2317105,IN023351400,India,-83.0,-35.0,-71.0,-57.0,25.0,4.0
25-04-2020,28.3,lucknow,Uttar Pradesh,2317105,IN023351400,India,-84.0,-39.0,-72.0,-55.0,25.0,0.0
26-04-2020,25.3,lucknow,Uttar Pradesh,2317105,IN023351400,India,-84.0,-42.0,-72.0,-39.0,20.0,19.0
27-04-2020,26.5,lucknow,Uttar Pradesh,2317105,IN023351400,India,-83.0,-37.0,-72.0,-57.0,26.0,0.0
28-04-2020,27.6,lucknow,Uttar Pradesh,2317105,IN023351400,India,-82.0,-34.0,-70.0,-57.0,24.0,9.0
29-04-2020,28.1,lucknow,Uttar Pradesh,2317105,IN023351400,India,-82.0,-35.0,-70.0,-57.0,25.0,8.0
30-04-2020,29.7,lucknow,Uttar Pradesh,2317105,IN023351400,India,-82.0,-36.0,-70.0,-56.0,25.0,14.0
30-04-2020,29.7,lucknow,Uttar Pradesh,2317105,IN023351400,India,-82.0,-36.0,-70.0,-56.0,25.0,0.0
01-05-2020,25.8,lucknow,Uttar Pradesh,2317105,IN023351400,India,-83.0,-37.0,-70.0,-56.0,24.0,13.0
02-05-2020,28.4,lucknow,Uttar Pradesh,2317105,IN023351400,India,-82.0,-36.0,-70.0,-51.0,23.0,15.0
03-05-2020,29.9,lucknow,Uttar Pradesh,2317105,IN023351400,India,-83.0,-38.0,-69.0,-36.0,18.0,8.0
04-05-2020,28.9,lucknow,Uttar Pradesh,2317105,IN023351400,India,-79.0,-27.0,-67.0,-51.0,23.0,4.0
05-05-2020,24.2,lucknow,Uttar Pradesh,2317105,IN023351400,India,-79.0,-27.0,-66.0,-51.0,22.0,2.0
06-05-2020,26.9,lucknow,Uttar Pradesh,2317105,IN023351400,India,-78.0,-23.0,-64.0,-49.0,21.0,5.0
07-05-2020,26.8,lucknow,Uttar Pradesh,2317105,IN023351400,India,-78.0,-24.0,-63.0,-52.0,22.0,90.0
08-05-2020,29.8,lucknow,Uttar Pradesh,2317105,IN023351400,India,-76.0,-20.0,-61.0,-46.0,21.0,6.0
09-05-2020,30.3,lucknow,Uttar Pradesh,2317105,IN023351400,India,-78.0,-24.0,-64.0,-46.0,21.0,14.0
09-05-2020,30.3,lucknow,Uttar Pradesh,2317105,IN023351400,India,-78.0,-24.0,-64.0,-46.0,21.0,0.0
10-05-2020,27.6,lucknow,Uttar Pradesh,2317105,IN023351400,India,-79.0,-29.0,-63.0,-29.0,16.0,0.0
11-05-2020,28.2,lucknow,Uttar Pradesh,2317105,IN023351400,India,-76.0,-20.0,-61.0,-45.0,20.0,17.0
12-05-2020,30.1,lucknow,Uttar Pradesh,2317105,IN023351400,India,-75.0,-18.0,-60.0,-46.0,20.0,4.0
13-05-2020,29.8,lucknow,Uttar Pradesh,2317105,IN023351400,India,-75.0,-18.0,-59.0,-45.0,20.0,10.0
02-03-2020,26.6,thane,Maharashtra,1841488,IN012070800,India,-2.0,1.0,0.0,4.0,1.0,0.0
03-03-2020,26.7,thane,Maharashtra,1841488,IN012070800,India,-1.0,1.0,-1.0,3.0,1.0,0.0
04-03-2020,25.9,thane,Maharashtra,1841488,IN012070800,India,0.0,3.0,2.0,6.0,0.0,0.0
05-03-2020,26.4,thane,Maharashtra,1841488,IN012070800,India,-1.0,3.0,0.0,4.0,1.0,0.0
06-03-2020,26.7,thane,Maharashtra,1841488,IN012070800,India,0.0,4.0,1.0,5.0,1.0,0.0
07-03-2020,25.8,thane,Maharashtra,1841488,IN012070800,India,-2.0,5.0,3.0,4.0,1.0,0.0
08-03-2020,25.7,thane,Maharashtra,1841488,IN012070800,India,1.0,4.0,-2.0,6.0,1.0,0.0
09-03-2020,25.9,thane,Maharashtra,1841488,IN012070800,India,-1.0,6.0,-4.0,-4.0,2.0,0.0
10-03-2020,26.5,thane,Maharashtra,1841488,IN012070800,India,-17.0,-21.0,-32.0,-60.0,18.0,0.0
11-03-2020,25.9,thane,Maharashtra,1841488,IN012070800,India,-5.0,0.0,0.0,0.0,0.0,0.0
12-03-2020,25.2,thane,Maharashtra,1841488,IN012070800,India,-6.0,1.0,-3.0,-1.0,1.0,0.0
13-03-2020,25.1,thane,Maharashtra,1841488,IN012070800,India,-9.0,1.0,-7.0,-2.0,3.0,0.0
14-03-2020,25.8,thane,Maharashtra,1841488,IN012070800,India,-14.0,3.0,-9.0,-5.0,5.0,0.0
15-03-2020,29.3,thane,Maharashtra,1841488,IN012070800,India,-17.0,-1.0,-11.0,1.0,4.0,3.0
16-03-2020,30.5,thane,Maharashtra,1841488,IN012070800,India,-12.0,1.0,-10.0,-8.0,5.0,0.0
17-03-2020,30.1,thane,Maharashtra,1841488,IN012070800,India,-18.0,0.0,-15.0,-14.0,7.0,4.0
18-03-2020,29.7,thane,Maharashtra,1841488,IN012070800,India,-22.0,-5.0,-19.0,-18.0,8.0,0.0
19-03-2020,28.4,thane,Maharashtra,1841488,IN012070800,India,-28.0,-8.0,-26.0,-24.0,10.0,0.0
20-03-2020,27.2,thane,Maharashtra,1841488,IN012070800,India,-41.0,-12.0,-33.0,-31.0,14.0,1.0
21-03-2020,26.9,thane,Maharashtra,1841488,IN012070800,India,-60.0,-26.0,-45.0,-43.0,17.0,0.0
22-03-2020,28.3,thane,Maharashtra,1841488,IN012070800,India,-86.0,-84.0,-78.0,-62.0,26.0,1.0
23-03-2020,29.8,thane,Maharashtra,1841488,IN012070800,India,-69.0,-39.0,-69.0,-69.0,29.0,1.0
24-03-2020,30.1,thane,Maharashtra,1841488,IN012070800,India,-76.0,-50.0,-76.0,-77.0,34.0,2.0
25-03-2020,29.5,thane,Maharashtra,1841488,IN012070800,India,-82.0,-67.0,-81.0,-81.0,37.0,2.0
26-03-2020,29.6,thane,Maharashtra,1841488,IN012070800,India,-80.0,-63.0,-79.0,-78.0,36.0,2.0
27-03-2020,29.4,thane,Maharashtra,1841488,IN012070800,India,-80.0,-62.0,-79.0,-77.0,36.0,0.0
28-03-2020,30.1,thane,Maharashtra,1841488,IN012070800,India,-82.0,-66.0,-79.0,-74.0,34.0,1.0
29-03-2020,30.4,thane,Maharashtra,1841488,IN012070800,India,-82.0,-68.0,-77.0,-57.0,25.0,1.0
30-03-2020,29.3,thane,Maharashtra,1841488,IN012070800,India,-79.0,-63.0,-79.0,-76.0,35.0,4.0
31-03-2020,28.8,thane,Maharashtra,1841488,IN012070800,India,-80.0,-64.0,-80.0,-76.0,35.0,0.0
01-04-2020,29.2,thane,Maharashtra,1841488,IN012070800,India,-80.0,-65.0,-80.0,-77.0,35.0,13.0
02-04-2020,30.1,thane,Maharashtra,1841488,IN012070800,India,-81.0,-66.0,-81.0,-79.0,37.0,0.0
03-04-2020,30.1,thane,Maharashtra,1841488,IN012070800,India,-80.0,-64.0,-80.0,-76.0,36.0,9.0
04-04-2020,29.6,thane,Maharashtra,1841488,IN012070800,India,-82.0,-66.0,-79.0,-71.0,34.0,10.0
05-04-2020,29.3,thane,Maharashtra,1841488,IN012070800,India,-82.0,-68.0,-78.0,-55.0,25.0,21.0
06-04-2020,28.9,thane,Maharashtra,1841488,IN012070800,India,-80.0,-64.0,-80.0,-78.0,36.0,1.0
07-04-2020,28.3,thane,Maharashtra,1841488,IN012070800,India,-82.0,-54.0,-76.0,-76.0,35.0,0.0
08-04-2020,28.2,thane,Maharashtra,1841488,IN012070800,India,-83.0,-57.0,-76.0,-76.0,35.0,0.0
09-04-2020,28.7,thane,Maharashtra,1841488,IN012070800,India,-83.0,-55.0,-77.0,-77.0,37.0,5.0
10-04-2020,29.6,thane,Maharashtra,1841488,IN012070800,India,-83.0,-56.0,-78.0,-79.0,39.0,15.0
11-04-2020,30.6,thane,Maharashtra,1841488,IN012070800,India,-85.0,-60.0,-77.0,-73.0,36.0,22.0
12-04-2020,30.1,thane,Maharashtra,1841488,IN012070800,India,-85.0,-63.0,-75.0,-56.0,25.0,24.0
13-04-2020,30.0,thane,Maharashtra,1841488,IN012070800,India,-82.0,-57.0,-77.0,-75.0,37.0,42.0
14-04-2020,31.1,thane,Maharashtra,1841488,IN012070800,India,-83.0,-59.0,-78.0,-78.0,37.0,21.0
15-04-2020,30.7,thane,Maharashtra,1841488,IN012070800,India,-82.0,-53.0,-75.0,-74.0,35.0,60.0
16-04-2020,30.3,thane,Maharashtra,1841488,IN012070800,India,-87.0,-49.0,-75.0,-75.0,36.0,13.0
17-04-2020,30.2,thane,Maharashtra,1841488,IN012070800,India,-87.0,-49.0,-75.0,-74.0,37.0,13.0
18-04-2020,30.7,thane,Maharashtra,1841488,IN012070800,India,-89.0,-56.0,-75.0,-69.0,34.0,18.0
19-04-2020,31.6,thane,Maharashtra,1841488,IN012070800,India,-89.0,-58.0,-73.0,-53.0,25.0,30.0
20-04-2020,33.1,thane,Maharashtra,1841488,IN012070800,India,-87.0,-52.0,-75.0,-73.0,36.0,0.0
21-04-2020,30.6,thane,Maharashtra,1841488,IN012070800,India,-87.0,-52.0,-75.0,-74.0,36.0,55.0
22-04-2020,30.6,thane,Maharashtra,1841488,IN012070800,India,-87.0,-53.0,-75.0,-74.0,36.0,44.0
23-04-2020,30.6,thane,Maharashtra,1841488,IN012070800,India,-88.0,-54.0,-76.0,-74.0,37.0,30.0
24-04-2020,30.8,thane,Maharashtra,1841488,IN012070800,India,-87.0,-51.0,-76.0,-74.0,37.0,117.0
25-04-2020,30.4,thane,Maharashtra,1841488,IN012070800,India,-89.0,-54.0,-75.0,-70.0,35.0,48.0
26-04-2020,30.1,thane,Maharashtra,1841488,IN012070800,India,-89.0,-59.0,-74.0,-53.0,26.0,74.0
27-04-2020,30.2,thane,Maharashtra,1841488,IN012070800,India,-87.0,-53.0,-76.0,-73.0,37.0,0.0
28-04-2020,30.9,thane,Maharashtra,1841488,IN012070800,India,-87.0,-52.0,-75.0,-74.0,36.0,18.0
29-04-2020,31.1,thane,Maharashtra,1841488,IN012070800,India,-87.0,-52.0,-74.0,-73.0,36.0,75.0
30-04-2020,30.8,thane,Maharashtra,1841488,IN012070800,India,-87.0,-52.0,-75.0,-73.0,36.0,89.0
30-04-2020,30.8,thane,Maharashtra,1841488,IN012070800,India,-87.0,-52.0,-75.0,-73.0,36.0,0.0
01-05-2020,30.7,thane,Maharashtra,1841488,IN012070800,India,-87.0,-53.0,-76.0,-77.0,38.0,72.0
02-05-2020,30.6,thane,Maharashtra,1841488,IN012070800,India,-88.0,-54.0,-74.0,-67.0,34.0,87.0
03-05-2020,30.8,thane,Maharashtra,1841488,IN012070800,India,-88.0,-57.0,-72.0,-50.0,25.0,82.0
04-05-2020,30.6,thane,Maharashtra,1841488,IN012070800,India,-84.0,-44.0,-71.0,-70.0,34.0,112.0
05-05-2020,30.9,thane,Maharashtra,1841488,IN012070800,India,-84.0,-44.0,-70.0,-70.0,34.0,132.0
06-05-2020,31.2,thane,Maharashtra,1841488,IN012070800,India,-83.0,-41.0,-68.0,-68.0,33.0,179.0
07-05-2020,30.6,thane,Maharashtra,1841488,IN012070800,India,-83.0,-43.0,-70.0,-71.0,34.0,266.0
08-05-2020,30.6,thane,Maharashtra,1841488,IN012070800,India,-82.0,-37.0,-68.0,-67.0,34.0,273.0
09-05-2020,30.7,thane,Maharashtra,1841488,IN012070800,India,-85.0,-44.0,-68.0,-64.0,32.0,171.0
09-05-2020,30.7,thane,Maharashtra,1841488,IN012070800,India,-85.0,-44.0,-68.0,-64.0,32.0,0.0
10-05-2020,30.9,thane,Maharashtra,1841488,IN012070800,India,-85.0,-50.0,-67.0,-44.0,23.0,0.0
11-05-2020,31.2,thane,Maharashtra,1841488,IN012070800,India,-82.0,-41.0,-68.0,-67.0,33.0,201.0
12-05-2020,30.7,thane,Maharashtra,1841488,IN012070800,India,-82.0,-40.0,-68.0,-67.0,33.0,355.0
13-05-2020,30.8,thane,Maharashtra,1841488,IN012070800,India,-82.0,-40.0,-66.0,-66.0,32.0,224.0
